bureau,eindklant,domein,bereikbaar,adres_straat,adres_huisnummer,adres_postcode,adres_plaats,kvk,btw,telefoon,emails,kandidaat_namen,rolregels,bronpaginas,fout
,,cloudpillo.com,ja,Reitscheweg,1,5232BX,,80589855,NL861727125B01,07361237378; 07425790338; 08015155586; 07861539202; 07868256,support@cloudpillo.nl,,"kocht zonder voorafgaande schriftelijke toestemming van Cloudpillo door te verkopen, te distribueren of op andere wijze commercieel te exploiteren. Be",https://cloudpillo.com/nl-nl; https://cloudpillo.com/nl-nl/pages/contact; https://cloudpillo.com/nl-nl/pages/over-ons; https://cloudpillo.com/nl-nl/pages/privacybeleid; https://cloudpillo.com/nl-nl/pages/algemene-voorwaarden,
,,boska.com,ja,Spanjeweg,8,2411PX,Bodegraven,29039753,NL801907962B01,018719809; 00921923929; 08720783705; 00921956697; 0246339618,support@boska.com; backoffice@boska.com; returns@boska.com,,j inbegrepen de prijzen en specificaties van producten. Alle genoemde handelsmerken zijn eigendom van de desbetreffende eigenaar. De getoonde afbeeldi,https://www.boska.com/; https://www.boska.com/pages/contact; https://nl.boska.com/pages/klantenservice; https://www.boska.com/pages/klantenservice; https://www.boska.com/policies/privacy-policy; https://www.boska.com/policies/terms-of-service,
,,satechi.com,ja,,,,,,,01385769048; 0086363568; 011429976; 011561048; 0711227480; 0,,,,https://satechi.com; https://satechi.com/pages/about-us,
,,stoxenergy.com,ja,Olympisch Stadion,17,1076DE,Amsterdam,,,+31202600129,support@stoxenergy.com; info@stoxenergy.com,,,https://stoxenergy.com; https://stoxenergy.com/pages/about-us; https://stoxenergy.com/policies/privacy-policy; https://stoxenergy.com/policies/terms-of-service,
,,paulroescher.nl,ja,Plaagslagen,2,7463PH,Rijssen,,,0553601747,info@paulroescher.nl,,,https://www.paulroescher.nl/; https://www.paulroescher.nl/pages/contact; https://www.paulroescher.nl/pages/over-ons; https://www.paulroescher.nl/pages/voorwaarden; https://www.paulroescher.nl/pages/klantenservice; https://www.paulroescher.nl/pages/werken-bij-over-ons,
,,zitmaxx.nl,ja,Stobbeweg,19-21,2461EX,Ter Aar,59200359,,0467555605,verkoop@zitmaxx.nl; info@zitmaxx.nl,,"Natuurlijk kunnen wij de levering, en daarmee ook de betaling, uitstellen tot het in orde is. 3. Wij blijven volledig eigenaar van aangekochte meubels",https://www.zitmaxx.nl/; https://www.zitmaxx.nl/contact; https://www.zitmaxx.nl/privacyverklaring; https://www.zitmaxx.nl/algemene-voorwaarden,
,,gigameubel.nl,ja,Astronaut,8,3824MJ,Amersfoort,58102280,NL852874509B01,00358796032,info@gigameubel.nl,,,https://www.gigameubel.nl/; https://gigameubel.nl/contact; https://www.gigameubel.nl/contact; https://www.gigameubel.nl/over-ons; https://www.gigameubel.nl/disclaimer; https://www.gigameubel.nl/voorwaarden-be,
,,123inkt.nl,ja,Nieuw Walden,56-64,1394PC,Nederhorst den Berg,33267823,,,klantenservice@123inkt.nl; info@123inkt.nl; administratie@123inkt.nl; avg@123inkt.nl,,,https://www.123inkt.nl/; https://www.123inkt.nl/action/contact.html; https://www.123inkt.nl/page/privacy.html; https://www.123inkt.nl/page/winactie-prijzenfestijn2025-actievoorwaarden.html,
,,123schoon.nl,ja,Koningsbeltweg,52,1329AK,Almere,61551791,,,info@123schoon.nl; klantenservice@123schoon.nl; administratie@123schoon.nl,,,https://www.123schoon.nl/; https://www.123schoon.nl/action/contact.html; https://www.123schoon.nl/page/privacy.html,
,,dejongcheese.nl,ja,Het Sas,14,5131RC,Alphen,18049181,NL806506040B01,,info@dejongcheese.nl,Arjan de Jong,"en. Opening kaasmakerij 1995 Vader en 2 zoons runde het bedrijf. Arjan de Jong, de huidige CEO, wilde in eigen bedrijf meer met de melk doen en begon ",https://www.dejongcheese.nl/; https://www.dejongcheese.nl/contact; https://www.dejongcheese.nl/contact/; https://www.dejongcheese.nl/over-ons/; https://www.dejongcheese.nl/foodservice; https://www.dejongcheese.nl/foodservice/,
,,goldbergh.com,ja,Tokyostraat,7-11,1175RB,Lijnden,,NL850722573B01,,webshop@goldbergh.com; info@goldbergh.com; collab@goldbergh.com; info@Goldbergh.com,,,https://goldbergh.com; https://goldbergh.com/pages/contact; https://goldbergh.com/pages/about-goldbergh; https://goldbergh.com/policies/privacy-policy; https://goldbergh.com/policies/terms-of-service,
,,zelesta.nl,ja,Amersfoortsestraat,65,3769AE,Soesterberg,83117083,NL862734800B01,+31107934008,info@zelesta.nl; contact@apd-gba.be,,,https://zelesta.nl; https://zelesta.nl/pages/contact-opnemen; https://zelesta.nl/pages/privacybeleid; https://zelesta.nl/pages/algemene-voorwaarden,
,,ledhandel24.nl,ja,Veenweg,23B,9561TL,Ter Apel,74400207,NL859859694B01,+31611204496; 0310448271; 00034527389,,Rob Haarhuis; Garantie Alles,ngen en keurmerken zoals E-keur en EMC. Dé naslag voor een onderbouwde keuze. Gecheckt en bevestigd door Rob Haarhuis - Eigenaar en oprichter van Ledh || merken zoals E-keur en EMC. Dé naslag voor een onderbouwde keuze. Gecheckt en bevestigd door Rob Haarhuis - Eigenaar en oprichter van Ledhandel24.nl -,https://www.ledhandel24.nl/; https://www.ledhandel24.nl/contact/; https://www.ledhandel24.nl/over-ons/,
,,impermo.nl,ja,Bastion,52,5509MJ,Veldhoven,81857756,,,dpo@Impermo.be; commission@privacycommission.be,,"mo uw gegevens aan genoemde derde bekendmaakt, maar u erkent tevens dat dit niet onder alle omstandigheden technisch of commercieel haalbaar is. Imper || isch of commercieel haalbaar is. Impermo zal uw Persoonsgegevens niet verkopen, noch verhuren, verdelen of anderszins commercieel ter beschikking stel",https://www.impermo.nl/nl/; https://www.impermo.nl/themes/impermo/css/modules/blockcontact/blockcontact.css; https://www.impermo.nl/nl/content/privacy-92,
,,zerofriction.com,ja,,,,,,,,info@zerofriction.com; orders@zerofriction.com,,,https://zerofriction.com; https://zerofriction.com/pages/contact; https://zerofriction.com/pages/about-us; https://zerofriction.com/pages/privacy-and-cookie-policy,
,,onlineverf.nl,ja,,,7255TA,,76719758,NL860773954B01,0851120202,klantenservice@onlineverf.nl,Willem Harmsen; Gemeente Bronckhorst,"oepnaam Rollie) hebben wij er een nieuwe hele gezellige collega bij! Oktober 2024 Jan-Willem Harmsen, directeur van Onlineverf.nl, is genomineerd voor",https://www.onlineverf.nl/; https://www.onlineverf.nl/contact; https://www.onlineverf.nl/contact/; https://www.onlineverf.nl/over-ons/; https://www.onlineverf.nl/disclaimer/; https://www.onlineverf.nl/servicepunten,
,,cavallaronapoli.com,ja,Waarderveldweg,87,2031BK,Haarlem,20127054,NL821393261B01,0159126614; 0131614126; 0235424218; 0235420213,,,,https://www.cavallaronapoli.com/nl; https://www.cavallaronapoli.com/contact; https://www.cavallaronapoli.com/nl/contact; https://www.cavallaronapoli.com/nl/privacy-policy; https://www.cavallaronapoli.com/nl/algemene-voorwaarden,
,,proforto.nl,ja,,,6538SX,,62922351,NL855015743B01,+31248082166,klantenservice@proforto.nl,Business Center; Proforto Wie; Jelle Gudden; Rik Burgersdijk,oforto Business Center Plan je route Veelgestelde vragen over Proforto Wie is de eigenaar van Proforto? Proforto is in september 2014 opgericht door J,https://proforto.nl; https://proforto.nl/contact; https://proforto.nl/over-ons; https://proforto.nl/voorwaarden; https://proforto.nl/klantenservice; https://proforto.nl/privacy-policy,
,,drunensruiterhuis.nl,ja,Grotestraat,264,5151BS,Drunen,18130789,,+31650291326,,Jan Functie; Anouk Functie; Tom Functie; Manager Sales; Manager Marketin; Commerce Janneke,"iterhuis? Bekijk hieronder onze full time medewerkers, met hun specialisaties. Tom Functie: Eigenaar & algemeen directeur Jan Functie: Manager Sales A || Bekijk hieronder onze full time medewerkers, met hun specialisaties. Tom Functie: Eigenaar & algemeen directeur Jan Functie: Manager Sales Anouk Funct || unctie: Eigenaar & algemeen directeur Jan Functie: Manager Sales Anouk Functie: Manager Mark",https://www.drunensruiterhuis.nl/; https://www.drunensruiterhuis.nl/contact; http://www.drunensruiterhuis.nl/meet-the-team; http://www.drunensruiterhuis.nl/privacy-beleid; https://www.drunensruiterhuis.nl/services.html; https://www.drunensruiterhuis.nl/algemenevoorwaarden,
,,cartouchefashion.com,ja,,,,,,,,,,,https://cartouchefashion.com; https://cartouchefashion.com/pages/contact; https://cartouchefashion.com/pages/over-ons; https://cartouchefashion.com/pages/voorwaarden,
,,baktotaal.nl,ja,Klavermaten,61,7472DD,Goor,54072905,NL851146831B01,0104141473; 0207230270,,,,https://www.baktotaal.nl/; https://www.baktotaal.nl/klantenservice/contact-informatie; https://www.baktotaal.nl/klantenservice/cookies; https://www.baktotaal.nl/klantenservice/betalen; https://www.baktotaal.nl/klantenservice/over-ons; https://www.baktotaal.nl/klantenservice/retourneren,
,,dutchjerky.com,ja,Meipoortstraat,68,6981DL,Doesburg,94108722,,,info@dutchjerky.com; max@dutchjerky.com,,,https://dutchjerky.com; https://dutchjerky.com/contact; https://dutchjerky.com/contact/; https://dutchjerky.com/privacybeleid/; https://dutchjerky.com/over-ons-vlees/; https://dutchjerky.com/algemene-voorwaarden/,
,,omybagamsterdam.com,ja,Ceintuurbaan,123H,1072GA,Amsterdam,69094527,NL857730885B01,+31207724464,,,,https://omybagamsterdam.com/nl; https://omybagamsterdam.com/nl/pages/neem-contact-op; https://omybagamsterdam.com/nl/pages/privacybeleid; https://omybagamsterdam.com/nl/pages/algemene-voorwaarden; https://omybagamsterdam.com/nl/pages/legal__privacy-policy; https://omybagamsterdam.com/nl/pages/califo,
,,snackpilot.nl,ja,,,,,,,,,,,https://snackpilot.nl; https://snackpilot.nl/pages/about-us,
,,hartbeach.nl,ja,Strandweg,3b,2586JK,Scheveningen,27117944,NL008374600B01,,shop@hartbeach.nl; surfschool@hartbeach.nl; horeca@hartbeach.nl; events@hartbeach.nl; administratie@hartbeach.nl,,,https://hartbeach.nl; https://hartbeach.nl/pages/contact; https://hartbeach.nl/pages/about-us; https://hartbeach.nl/pages/privacybeleid; https://hartbeach.nl/pages/algemene-voorwaarden,
,,bono.nl,ja,Westeinde,110,1511MA,Oostzaan,74636391,NL859976026B01,0043333951,,Kenan Japalak; Manager Julian; Regterschot Purchase; Manager Luc; Schaft Digital; Justin Regterschot,"tie, zodat jij bewuste keuzes kunt maken om je gezondheid te verbeteren en je doelen te bereiken. Justin Regterschot Founder & CEO Kenan Japalak E-com || jij bewuste keuzes kunt maken om je gezondheid te verbeteren en je doelen te bereiken. Justin Regterschot Founder & CEO Kenan Japalak E-commerce Manag || Martens Paid Clicks Manager Sam Tong Sang Digital Designer Mac Weimar Customer Service Nynke",https://bono.nl; https://bono.nl/contact; https://bono.nl/about-us; https://bono.nl/pages/privacy-beleid; https://bono.nl/pages/algemene-voorwaarden,
,,detailrs.nl,ja,Gasstraat Oost,34,5349AV,Oss,84249811,NL863147082B01,0858000647,hello@detailrs.nl; Hello@detailrs.nl,Leon Verstraaten,"dere gevoel keer op keer te ervaren. Want de sleutels van jouw droomauto, die heb je al in handen. — Leon Verstraaten (Founder) Bekijk webshop Onze 3 ",https://www.detailrs.nl/; https://www.detailrs.nl/pages/contact; https://www.detailrs.nl/pages/over-ons,
,,evecurls.nl,ja,,,1318CB,,96523565,,,support@evecurls.com,,,https://www.evecurls.nl/; https://www.evecurls.nl/pages/over-ons; https://www.evecurls.nl/pages/privacybeleid; https://www.evecurls.nl/pages/algemene-voorwaarden,
,,superyoga.nl,ja,Burgemeester Haspelslaan,23,1181NB,Amstelveen,,,,,,lling. Je schrijft foutloos Nederlands. Je bent analytisch en gebruikt cijfers om resultaten te bekijken. Je bent commercieel ingesteld en denkt graag,https://www.superyoga.nl/; https://www.superyoga.nl/service/; https://www.superyoga.nl/service/avg/; https://www.superyoga.nl/service/about/; https://www.superyoga.nl/service/vacatures; https://www.superyoga.nl/service/disclaimer/,
,,heinendelftsblauw.nl,ja,Industrieweg,7,3881LB,Putten,70420742,,,info@heinendelftsblauw.nl,,,https://www.heinendelftsblauw.nl/; https://www.heinendelftsblauw.nl/contact/; https://www.heinendelftsblauw.nl/privacy-policy/; https://www.heinendelftsblauw.nl/algemene-voorwaarden/,
,,tegeltje.nl,ja,Tolnasingel,3,2411PV,Bodegraven,58276270,NL852959801B01,0852129259; 0479510318,,,,https://tegeltje.nl; https://tegeltje.nl/contact/; https://tegeltje.nl/over-ons/; https://tegeltje.nl/privacy-statement/; https://tegeltje.nl/algemene-voorwaarden/,
,,waterdrop.nl,ja,,,,,,,,,,drinkt. Proost! Waar het allemaal begon Tijdens een vlucht naar Singapore liet één vraag onze oprichter en CEO Martin niet los: waarom moet genoeg dri || t! Waar het allemaal begon Tijdens een vlucht naar Singapore liet één vraag onze oprichter en CEO Martin niet los: waarom moet genoeg drinken zo vaak ,https://www.waterdrop.nl/; https://www.waterdrop.nl/pages/over-ons,
,,infento.com,ja,Basisweg,54,1043AP,Amsterdam,,,+31202616450,support@infento.com,,,https://www.infento.com/; https://www.infento.com/contact/; https://www.infento.com/contact_support/; https://www.infento.com/about-us/; https://www.infento.com/privacy-policy/,
,,voomy.com,ja,Hoofdweg,370,2908LC,Capelle aan den IJssel,81604688,NL862153712B01,,voomy@thebrandlab.nl; support@voomy.nl; pr@voomy.nl; marketing@voomy.nl; partnerships@voomy.nl,Voomy Producten; Nederland Voomy's,"zijn er om jouw dagelijkse leven een boost te geven, zodat je kunt focussen op wat echt belangrijk is .” — Mitchell, Co-Founder of Voomy Producten ont",https://voomy.com; https://voomy.com/pages/contact; https://voomy.com/pages/privacy-policy; https://voomy.com/pages/algemene-voorwaarden,
,,peterprint.nl,ja,Lübeckweg,2,9723HE,Groningen,57983046,NL852821311B01,0301214360,info@peterprint.nl; info@peterprint.be; privacy@peterprint.nl,Zoek Bestellen,laura HR margriet HR & Officemanager jurriaan COO ferry Founder vaak gevraagd Wat is je vraag? Zoek Bestellen,https://www.peterprint.nl/; https://www.peterprint.nl/sample-service; https://www.peterprint.nl/klantenservice; https://www.peterprint.nl/privacyverklaring; https://www.peterprint.nl/algemene-voorwaarden,
,,amacx.com,ja,Keyserswey,20,2201CW,Noordwijk,23077029,NL803531540B01,+31717370031,info@amacx.com,The Supplier,"of any right of complaint of the Customer. 9. Retention of Title and Right of Retention 9.1. The Supplier remains the owner of goods, property rights ",https://amacx.com; https://amacx.com/pages/contact; https://amacx.com/pages/about-us; https://amacx.com/pages/uae-team-imad; https://amacx.com/policies/privacy-policy; https://amacx.com/policies/terms-of-service,
,,icetubs.com,ja,Nieuwpoortkade,16,1055RX,Amsterdam,,,,,But Icetu,"wellness routine. How it started It all started with a single experience that changed everything. Chiel, our founder, discovered the benefits of cold  || ""The boost that an ice bath gives me is surreal and addictive, making me want to keep using it day by day."" Chiel Founder ""The boost that an ice bath  || rity you gain from an ice bath - it is a great tool to set your mind straight after a long w",https://icetubs.com; https://icetubs.com/contact; https://icetubs.com/about-us; https://icetubs.com/privacy-statement,
,,finediningandliving.eu,ja,,,,,,,,,,,https://finediningandliving.eu; https://finediningandliving.eu/fdl_en/contact; https://finediningandliving.eu/fdl_en/contact/; https://finediningandliving.eu/fdl_en/about-us; https://finediningandliving.eu/fdl_en/privacy-cookie-policy,
,,dwelly.nl,ja,Dijkmeerlaan,341,1096DE,Amsterdam,99788012,NL005410172B03,+31623454709,hello@dwelly.nl,,,https://dwelly.nl; https://dwelly.nl/pages/contact; https://dwelly.nl/policies/contact-information; https://dwelly.nl/pages/about-us; https://dwelly.nl/policies/privacy-policy; https://dwelly.nl/policies/terms-of-service,
,,foxelli.com,ja,Leyden Gaelstraat,1G,3134LH,Vlaardingen,,,,help@foxelli.com,,,https://foxelli.com; https://foxelli.com/pages/contact-us; https://foxelli.com/pages/privacy-policy; https://foxelli.com/pages/privacy-policy-1; https://foxelli.com/policies/privacy-policy,
,,vedder-vedder.nl,ja,,,,,,,,,,,https://vedder-vedder.nl/password,
,,inktweb.nl,ja,Prof. van der Waalsstraat,2,1821BT,Alkmaar,60680326,NL854012965B01,0725675055; 0148966128,info@inktweb.nl,,,https://www.inktweb.nl/; https://www.inktweb.nl/informatie/contact/; https://www.inktweb.nl/algemeen/over-ons/; https://www.inktweb.nl/service/resellers/; https://www.inktweb.nl/service/werken-bij/; https://www.inktweb.nl/service/affiliates/,
,,interieurwereld.nl,ja,Verlengde Industrieweg,1,7949AR,Rogat-Meppel,04032571,,0881110580,,,,https://interieurwereld.nl; https://interieurwereld.nl/contact; https://interieurwereld.nl/over-ons; https://interieurwereld.nl/over-ons/; https://interieurwereld.nl/disclaimer; https://interieurwereld.nl/service-aanvraag,
,,marcinbane.com,ja,Goirkekanaaldijk,211-04,5048AA,Tilburg,55513603,NL851745969B01,0136142230; 0309360064,NETHERLANDS@MARCINBANE.COM; BELGIUM@MARCINBANE.COM; netherlands@marcinbane.com; belgium@marcinbane.com; france@marcinbane.com,,,https://www.marcinbane.com/; https://www.marcinbane.com/contact; https://www.marcinbane.com/over-ons; https://www.marcinbane.com/disclaimer; https://www.marcinbane.com/privacy-statement; https://www.marcinbane.com/algemene-voorwaarden,
,,vanleersumdranken.nl,ja,Tiber,88-90,2491DK,Den Haag,,,0703550693; 0702195020,info@vanleersumdranken.nl,,,https://www.vanleersumdranken.nl/; https://www.vanleersumdranken.nl/contacts/; https://www.vanleersumdranken.nl/wp-content/plugins/contact-form-7/includes/css/styles.css?ver=5.8.3; https://www.vanleersumdranken.nl/over-ons/; https://www.vanleersumdranken.nl//over-ons/,
