bedrijf,domein,code,eind_url,winkel,bericht,uitslag
123 3D B.V.,123-3d.nl,200,https://www.123-3d.nl/,ja,,verkoopt
123inkt.nl,123inkt.nl,200,https://www.123inkt.nl/,ja,,verkoopt
123schoon.nl,123schoon.nl,200,https://www.123schoon.nl/,ja,,verkoopt
ACAZA,acaza.nl,200,https://www.acaza.nl/,ja,,verkoopt
Aardbeiplantje,aardbeiplantje.nl,200,https://www.aardbeiplantje.nl/,ja,,verkoopt
Amacx Sports Nutrition,amacx.com,200,https://amacx.com/,ja,,verkoopt
Anna Diva,annadiva.nl,200,https://www.annadiva.nl/,nee,,LET OP: geen koopmogelijkheid gevonden
BERG Toys,berg.com,200,https://www.berg.com/,ja,,verkoopt
BONO,bono.nl,200,https://bono.nl/,ja,,verkoopt
BOSKA Food Tools,boska.com,200,https://www.boska.com/,ja,,verkoopt
Baktotaal,baktotaal.nl,200,https://www.baktotaal.nl/,ja,,verkoopt
Bambaw,nl.bambaw.com,200,https://nl.bambaw.com/,ja,,verkoopt
Bamboosa,bamboosa.nl,200,https://bamboosa.nl/,ja,,verkoopt
Baskèts,baskets-store.com,200,https://baskets-store.com/nl,ja,,verkoopt
Bestekshop.nl,bestekshop.nl,200,https://www.bestekshop.nl/,ja,,verkoopt
Boeketcadeau.nl,boeketcadeau.nl,200,https://www.boeketcadeau.nl/,ja,,verkoopt
Bold Monkey,boldmonkey.com,200,https://www.boldmonkey.com/,ja,,verkoopt
Buitengoed.nl,buitengoed.nl,403,https://buitengoed.nl/,,,"onbekend, met de hand nakijken"
Butik Alkmaar,butikalkmaar.nl,200,https://www.butikalkmaar.nl/,ja,,verkoopt
CAVALLARO NAPOLI,cavallaronapoli.com,200,https://www.cavallaronapoli.com/nl,ja,,verkoopt
Cartouche Fashion,cartouchefashion.com,200,https://cartouchefashion.com/,ja,,verkoopt
Cloudpillo,cloudpillo.com,200,https://cloudpillo.com/nl-nl,ja,,verkoopt
Coffee Factory,coffeefactory.nl,200,https://coffeefactory.nl/,ja,,verkoopt
Cupido.nl,cupido.nl,200,https://www.cupido.nl/,ja,,verkoopt
De Bouwhof,bouwhof.nl,200,https://www.bouwhof.nl/,ja,,verkoopt
De Online ParketShop,onlineparketshop.nl,200,https://www.onlineparketshop.nl/,ja,,verkoopt
De Troubadour Interieurs,detroubadour.nl,200,https://www.detroubadour.nl/,ja,,verkoopt
DeJong Cheese - Alphenaer,dejongcheese.nl,200,https://www.dejongcheese.nl/,ja,,verkoopt
Decorazzi,decorazzi.com,200,https://decorazzi.com/,ja,,verkoopt
Dehangmat.nl,dehangmat.nl,200,https://www.dehangmat.nl/,ja,,verkoopt
Dekbed discounter,dekbed-discounter.nl,200,https://www.dekbed-discounter.nl/,ja,,verkoopt
Dekbedden.nl,dekbedden.nl,200,https://www.dekbedden.nl/,ja,,verkoopt
Detailrs,detailrs.nl,200,https://www.detailrs.nl/,ja,,verkoopt
Diamond Point,diamondpoint.net,200,https://diamondpoint.net/,ja,,verkoopt
Diveoutlet,diveoutlet.nl,200,https://www.diveoutlet.nl/,ja,,verkoopt
Dreambaby,dreambaby.com,200,https://www.dreambaby.com/,ja,,verkoopt
Drent & van Dijk Shop,drentenvandijkshop.nl,200,https://drentenvandijkshop.nl/,ja,,verkoopt
Drunens Ruiterhuis,drunensruiterhuis.nl,200,https://www.drunensruiterhuis.nl/,ja,,verkoopt
Dutch Jerky,dutchjerky.com,200,https://dutchjerky.com/,ja,,verkoopt
Dutch Soap Company,dutchsoapcompany.com,200,https://www.dutchsoapcompany.com/,ja,,verkoopt
Dutchies,dutchies.com,200,https://dutchies.com/nl,ja,,verkoopt
Dynamic Bike Care,dynamicbikecare.com,200,https://dynamicbikecare.com/nl,ja,,verkoopt
Equalite,equalite.nl,200,https://equalite.nl/,ja,,verkoopt
Eve Curls,evecurls.nl,200,https://www.evecurls.nl/,ja,,verkoopt
Feliz Shoes,felizshoes.com,200,https://felizshoes.com/,ja,,verkoopt
Fine Dining & Living,finediningandliving.eu,200,https://finediningandliving.eu/fdl_en/,ja,,verkoopt
FitnessKing,fitnessking.be,200,https://www.fitnessking.be/,ja,,verkoopt
Fits4kids,fits4kids.store,200,https://fits4kids.store/,ja,,verkoopt
Forza Refurbished,forza-refurbished.nl,200,https://www.forza-refurbished.nl/,ja,,verkoopt
Foxelli Group,foxelli.com,200,https://foxelli.com/,ja,,verkoopt
Frankly Amsterdam,frankly.amsterdam,200,https://www.frankly.amsterdam/,ja,,verkoopt
GIMBER,gimber.com,200,https://gimber.com/,ja,,verkoopt
GewoonGers,gewoongers.nl,200,https://gewoongers.nl/,ja,,verkoopt
Giga Meubel,gigameubel.nl,200,https://www.gigameubel.nl/,ja,,verkoopt
Gisou,gisou.com,200,https://gisou.com/,ja,,verkoopt
Goedhart Motoren,goedhartmotoren.nl,200,https://www.goedhartmotoren.nl/,ja,,verkoopt
Goldbergh,goldbergh.com,200,https://goldbergh.com/,ja,,verkoopt
Greetz,greetz.nl,200,https://www.greetz.nl/nl/,nee,,LET OP: geen koopmogelijkheid gevonden
HUB Footwear,hubfootwear.com,200,https://www.hubfootwear.com/nl,ja,,verkoopt
Hang Eleven,hang-eleven.com,200,https://hang-eleven.com/,ja,,verkoopt
HappyBed,thehappybed.com,200,https://thehappybed.com/,ja,,verkoopt
Hart Beach,hartbeach.nl,200,https://hartbeach.nl/,ja,,verkoopt
Heinen Delfts Blauw,heinendelftsblauw.nl,200,https://www.heinendelftsblauw.nl/,ja,,verkoopt
Heuts.nl,heuts.nl,200,https://www.heuts.nl/,ja,,verkoopt
Icetubs,icetubs.com,200,https://icetubs.com/,ja,,verkoopt
Impermo,impermo.nl,200,https://www.impermo.nl/nl/,nee,,LET OP: geen koopmogelijkheid gevonden
Infento,infento.com,200,https://www.infento.com/,ja,,verkoopt
Inktweb.nl,inktweb.nl,200,https://www.inktweb.nl/,ja,,verkoopt
Interieurwereld van de Belt,interieurwereld.nl,200,https://interieurwereld.nl/,ja,,verkoopt
Jeroen Beekman Mode,jeroenbeekman.nl,200,https://www.jeroenbeekman.nl/,ja,,verkoopt
John Beerens,johnbeerens.com,200,https://www.johnbeerens.com/,ja,,verkoopt
Jutkey,jutkey.nl,200,https://www.jutkey.nl/,ja,,verkoopt
Kas20,kas20.nl,200,https://kas20.nl/,ja,,verkoopt
Koffiecentrale.nl,koffiecentrale.nl,200,https://www.koffiecentrale.nl/,ja,,verkoopt
Kunstgrasnet,kunstgrasnet.nl,200,https://www.kunstgrasnet.nl/,ja,,verkoopt
Lampenlicht,lampenlicht.nl,403,https://lampenlicht.nl/,,,"onbekend, met de hand nakijken"
Ledhandel24.nl,ledhandel24.nl,200,https://www.ledhandel24.nl/,ja,,verkoopt
Ledlichtdiscounter.nl,ledlichtdiscounter.nl,200,https://www.ledlichtdiscounter.nl/,ja,,verkoopt
Letsleds,letsleds.nl,200,https://letsleds.nl/,ja,,verkoopt
Local Taste,local-taste.nl,200,https://local-taste.nl/,ja,,verkoopt
Loop Earplugs,loopearplugs.com,200,https://www.loopearplugs.com/,ja,,verkoopt
MARC INBANE® Official,marcinbane.com,200,https://www.marcinbane.com/,ja,,verkoopt
Maatkasten Online,maatkastenonline.nl,200,https://www.maatkastenonline.nl/nl-NL,ja,,verkoopt
Magnetic Nail Design,magneticnaildesign.com,200,https://www.magneticnaildesign.com/,ja,,verkoopt
Mascolori,mascolori.nl,200,https://mascolori.nl/,ja,,verkoopt
Mason Garments,masongarments.com,200,https://www.masongarments.com/nl,ja,,verkoopt
McAlson,mcalson.com,200,https://www.mcalson.com/,ja,,verkoopt
Motorkledingstore.nl,motorkledingstore.nl,200,https://www.motorkledingstore.nl/,ja,,verkoopt
Multivlaai,multivlaai.nl,200,https://www.multivlaai.nl/,ja,,verkoopt
Nasomatto,nasomatto.com,200,https://nasomatto.com/,ja,,verkoopt
Natural High,surfshop.natural-high.nl,200,https://surfshop.natural-high.nl/,ja,,verkoopt
No excess,no-excess.com,200,https://no-excess.com/,ja,,verkoopt
Northgate Watches,northgatewatches.com,200,https://www.northgatewatches.com/,ja,,verkoopt
Nyn Vintage,nynvintage.com,200,https://www.nynvintage.com/,ja,,verkoopt
NØORDCODE,noordcode.com,200,https://noordcode.com/,ja,,verkoopt
OGÉR,oger.nl,200,https://oger.nl/,ja,,verkoopt
Olfit.nl,olfit.nl,200,https://www.olfit.nl/,nee,,LET OP: geen koopmogelijkheid gevonden
Olivia & Kate,oliviakate.nl,200,https://oliviakate.nl/,ja,,verkoopt
Onlineverf.nl,onlineverf.nl,200,https://www.onlineverf.nl/,ja,,verkoopt
Partydeco.nl,partydeco.nl,200,https://www.partydeco.nl/,ja,,verkoopt
Paul Roescher,paulroescher.nl,200,https://www.paulroescher.nl/,ja,,verkoopt
PeterPrint,peterprint.nl,200,https://www.peterprint.nl/,ja,,verkoopt
Pink Gellac,pinkgellac.com,200,https://pinkgellac.com/nl,ja,,verkoopt
Probeauty,probeauty.nl,200,https://probeauty.nl/,nee,,LET OP: geen koopmogelijkheid gevonden
Proforto®,proforto.nl,200,https://proforto.nl/,ja,,verkoopt
Protest,protest.eu,403,https://protest.eu/,,,"onbekend, met de hand nakijken"
Pure Kakaw,purekakaw.com,200,https://purekakaw.com/,ja,,verkoopt
Pylos 59,pylos59.eu,200,https://pylos59.eu/,ja,,verkoopt
REV’IT!,revitsport.com,200,https://revitsport.com/nl,ja,,verkoopt
RINSMA MODEPLEIN,rinsmamodeplein.nl,200,https://www.rinsmamodeplein.nl/,ja,,verkoopt
Rc Motorsports,rcmotorsports.nl,200,https://www.rcmotorsports.nl/,ja,,verkoopt
Rene Houtman Interieurs B.V.,renehoutman.nl,200,https://www.renehoutman.nl/,ja,,verkoopt
Reypenaer,reypenaer.nl,200,https://www.reypenaer.nl/nl/,ja,,verkoopt
Rolgordijn.com,rolgordijn.com,200,https://rolgordijn.com/,ja,,verkoopt
Rozenkwekerij de wilde,dewilde.nl,200,https://www.dewilde.nl/,ja,,verkoopt
Rubio Monocoat,rubiomonocoat.nl,200,https://rubiomonocoat.nl/,ja,,verkoopt
Rum Baba,rumbaba.nl,200,https://rumbaba.nl/,ja,,verkoopt
STOX Energy Socks,stoxenergy.com,200,https://stoxenergy.com/,ja,,verkoopt
STËLZ,drinkstelz.com,200,https://drinkstelz.com/,ja,,verkoopt
Schulte Herenmode,schulteherenmode.nl,200,https://www.schulteherenmode.nl/,ja,,verkoopt
Skor,skor.nl,200,https://skor.nl/,ja,,verkoopt
Smart Toys and Games,smarttoysandgames.com,200,https://smarttoysandgames.com/,ja,,verkoopt
Son of a Beach,sonofabeach.nl,200,https://www.sonofabeach.nl/,ja,,verkoopt
Spierings Herenmode,spieringsherenmode.nl,200,https://www.spieringsherenmode.nl/,ja,,verkoopt
Stoov,nl.stoov.com,200,https://nl.stoov.com/,ja,,verkoopt
Studio Sif,studiosif.com,200,https://www.studiosif.com/,ja,,verkoopt
Style Woerden,stylewoerden.nl,200,https://stylewoerden.nl/,ja,,verkoopt
Suitical,suitical.com,200,https://www.suitical.com/nl,ja,,verkoopt
Superyoga,superyoga.nl,200,https://www.superyoga.nl/,ja,,verkoopt
Swiss Sense,swisssense.nl,200,https://www.swisssense.nl/,ja,,verkoopt
Tadaaz,tadaaz.nl,200,https://tadaaz.nl/nl,ja,,verkoopt
Tegeldepot,tegeldepot.nl,403,https://tegeldepot.nl/,,,"onbekend, met de hand nakijken"
Tenue Soleil,tenuesoleil.com,200,https://tenuesoleil.com/,ja,,verkoopt
Things I Like Things I Love,thingsilikethingsilove.com,200,https://www.thingsilikethingsilove.com/,ja,,verkoopt
Tirisi,tirisi.com,200,https://tirisi.com/,ja,,verkoopt
Topbloemen.nl,topbloemen.nl,200,https://topbloemen.nl/,ja,,verkoopt
Tuinmeubelshop,tuinmeubelshop.nl,200,https://www.tuinmeubelshop.nl/,ja,,verkoopt
Van Leersum Dranken,vanleersumdranken.nl,200,https://www.vanleersumdranken.nl/,ja,,verkoopt
Vedder & Vedder,vedder-vedder.nl,200,https://vedder-vedder.nl/password,ja,,verkoopt
Voomy,voomy.com,200,https://voomy.com/,ja,,verkoopt
We Love The Planet,welovetheplanet.com,200,https://welovetheplanet.com/,ja,,verkoopt
Wolk Airbag,wolkairbag.com,200,https://wolkairbag.com/,ja,,verkoopt
Xpozer,xpozer.com,200,https://xpozer.com/,ja,,verkoopt
Yama Food Shop,yamafoodshop.nl,200,https://www.yamafoodshop.nl/,ja,,verkoopt
Yoek,yoek.nl,200,https://yoek.nl/,ja,,verkoopt
ZINZI,zinzi.nl,200,https://www.zinzi.nl/,ja,,verkoopt
Zelesta,zelesta.nl,200,https://zelesta.nl/,ja,,verkoopt
Zens,zens.tech,200,https://zens.tech/nl,ja,,verkoopt
Zitmaxx Wonen,zitmaxx.nl,200,https://www.zitmaxx.nl/,ja,,verkoopt
the Store Woerden,thestorewoerden.nl,200,https://thestorewoerden.nl/,ja,,verkoopt
zilver.nl,zilver.nl,200,https://zilver.nl/,ja,,verkoopt
