bedrijf,slug,url,voornaam,bevindingen,met_citaat,koopmoment
10DAYS,10days,https://www.intro-pique.agency/bcs4/10days,Barbara,2,1,"Er komt een merk, land of kanaal bij"
ANNA plus NINA,anna-plus-nina,https://www.intro-pique.agency/bcs4/anna-plus-nina,Anna,2,1,De bereikbaarheid is smaller dan wat de klant verwacht
Aaiko,aaiko,https://www.intro-pique.agency/bcs4/aaiko,Pauline,3,1,"Er komt een merk, land of kanaal bij"
Beaumont Amsterdam,beaumont-amsterdam,https://www.intro-pique.agency/bcs4/beaumont-amsterdam,,2,0,De bereikbaarheid is smaller dan wat de klant verwacht
Bedrukken nl,bedrukken-nl,https://www.intro-pique.agency/bcs4/bedrukken-nl,,1,1,De bereikbaarheid is smaller dan wat de klant verwacht
Blackstone Shoes,blackstone-shoes,https://www.intro-pique.agency/bcs4/blackstone-shoes,Arjan,1,0,De bereikbaarheid is smaller dan wat de klant verwacht
Blond Amsterdam,blond-amsterdam,https://www.intro-pique.agency/bcs4/blond-amsterdam,Femque,2,1,De bereikbaarheid is smaller dan wat de klant verwacht
Buddha to Buddha,buddha-to-buddha,https://www.intro-pique.agency/bcs4/buddha-to-buddha,Jacco,1,1,Het volume groeit sneller dan de bezetting
Butcher of Blue,butcher-of-blue,https://www.intro-pique.agency/bcs4/butcher-of-blue,Bob,2,0,"Er komt een merk, land of kanaal bij"
CLUSE,cluse,https://www.intro-pique.agency/bcs4/cluse,Rudyard,2,1,De bereikbaarheid is smaller dan wat de klant verwacht
CanvasCompany,canvascompany,https://www.intro-pique.agency/bcs4/canvascompany,Halbe,2,2,De bereikbaarheid is smaller dan wat de klant verwacht
Carnibest,carnibest,https://www.intro-pique.agency/bcs4/carnibest,,2,1,De bereikbaarheid is smaller dan wat de klant verwacht
Casimoda,casimoda,https://www.intro-pique.agency/bcs4/casimoda,,2,1,De bereikbaarheid is smaller dan wat de klant verwacht
Catwalk Junkie,catwalk-junkie,https://www.intro-pique.agency/bcs4/catwalk-junkie,Ben,2,2,"Er komt een merk, land of kanaal bij"
Circle of Trust,circle-of-trust,https://www.intro-pique.agency/bcs4/circle-of-trust,Danny,2,1,Het volume groeit sneller dan de bezetting
Colourful Rebel,colourful-rebel,https://www.intro-pique.agency/bcs4/colourful-rebel,Frank,1,1,"Er komt een merk, land of kanaal bij"
Confirm Clothing,confirm-clothing,https://www.intro-pique.agency/bcs4/confirm-clothing,,2,2,De bereikbaarheid is smaller dan wat de klant verwacht
Difrax,difrax,https://www.intro-pique.agency/bcs4/difrax,Corinne,1,1,De bereikbaarheid is smaller dan wat de klant verwacht
Dogs Companion,dogs-companion,https://www.intro-pique.agency/bcs4/dogs-companion,,2,1,Het volume groeit sneller dan de bezetting
Eyelove Brillen,eyelove-brillen,https://www.intro-pique.agency/bcs4/eyelove-brillen,,3,2,De bereikbaarheid is smaller dan wat de klant verwacht
Fitchef,fitchef,https://www.intro-pique.agency/bcs4/fitchef,Mark,3,0,De bereikbaarheid is smaller dan wat de klant verwacht
Flinndal,flinndal,https://www.intro-pique.agency/bcs4/flinndal,Robert,1,0,De bereikbaarheid is smaller dan wat de klant verwacht
Floer,floer,https://www.intro-pique.agency/bcs4/floer,Lennart,1,1,De bereikbaarheid is smaller dan wat de klant verwacht
Foto op Hout,foto-op-hout,https://www.intro-pique.agency/bcs4/foto-op-hout,Halbe,2,2,De bereikbaarheid is smaller dan wat de klant verwacht
Fotofabriek,fotofabriek,https://www.intro-pique.agency/bcs4/fotofabriek,Stephan,2,2,Het volume groeit sneller dan de bezetting
Fred de la Bretoniere,fred-de-la-bretoniere,https://www.intro-pique.agency/bcs4/fred-de-la-bretoniere,Dennis,3,0,De bereikbaarheid is smaller dan wat de klant verwacht
Fresh n Rebel,fresh-n-rebel,https://www.intro-pique.agency/bcs4/fresh-n-rebel,Bas,2,0,De bereikbaarheid is smaller dan wat de klant verwacht
Fromanteel,fromanteel,https://www.intro-pique.agency/bcs4/fromanteel,Alfredo,3,0,"Er komt een merk, land of kanaal bij"
Greve Shoes,greve-shoes,https://www.intro-pique.agency/bcs4/greve-shoes,Jos,2,2,De bereikbaarheid is smaller dan wat de klant verwacht
Grutto,grutto,https://www.intro-pique.agency/bcs4/grutto,Yvo,2,0,De bereikbaarheid is smaller dan wat de klant verwacht
Horren Direct,horren-direct,https://www.intro-pique.agency/bcs4/horren-direct,,1,0,De bereikbaarheid is smaller dan wat de klant verwacht
Jane Lushka,jane-lushka,https://www.intro-pique.agency/bcs4/jane-lushka,Jane,2,0,"Er komt een merk, land of kanaal bij"
Just Franky,just-franky,https://www.intro-pique.agency/bcs4/just-franky,Anne,3,0,De bereikbaarheid is smaller dan wat de klant verwacht
Komono,komono,https://www.intro-pique.agency/bcs4/komono,Lonneke,2,1,De bereikbaarheid is smaller dan wat de klant verwacht
Kraamcadeau,kraamcadeau,https://www.intro-pique.agency/bcs4/kraamcadeau,Ivo,1,1,De bereikbaarheid is smaller dan wat de klant verwacht
LaDress,ladress,https://www.intro-pique.agency/bcs4/ladress,Simone,2,0,"Er komt een merk, land of kanaal bij"
Lekker Bikes,lekker-bikes,https://www.intro-pique.agency/bcs4/lekker-bikes,Meindert,2,1,"Er komt een merk, land of kanaal bij"
LingaDore,lingadore,https://www.intro-pique.agency/bcs4/lingadore,Brenda,2,2,De bereikbaarheid is smaller dan wat de klant verwacht
Loavies,loavies,https://www.intro-pique.agency/bcs4/loavies,Anna,3,1,De bereikbaarheid is smaller dan wat de klant verwacht
LouLou Essentiels,loulou-essentiels,https://www.intro-pique.agency/bcs4/loulou-essentiels,Floor,3,2,De bereikbaarheid is smaller dan wat de klant verwacht
Malelions,malelions,https://www.intro-pique.agency/bcs4/malelions,Thijs,3,1,De bereikbaarheid is smaller dan wat de klant verwacht
Marlies Dekkers,marlies-dekkers,https://www.intro-pique.agency/bcs4/marlies-dekkers,Eppo,3,3,De bereikbaarheid is smaller dan wat de klant verwacht
Matt Sleeps,matt-sleeps,https://www.intro-pique.agency/bcs4/matt-sleeps,,2,1,Het volume groeit sneller dan de bezetting
Metis Supplements,metis-supplements,https://www.intro-pique.agency/bcs4/metis-supplements,Maxim,1,1,De bereikbaarheid is smaller dan wat de klant verwacht
Muchachomalo,muchachomalo,https://www.intro-pique.agency/bcs4/muchachomalo,Dylan,3,2,De bereikbaarheid is smaller dan wat de klant verwacht
Namens Mij,namens-mij,https://www.intro-pique.agency/bcs4/namens-mij,Steffie,2,2,De bereikbaarheid is smaller dan wat de klant verwacht
Natural Heroes,natural-heroes,https://www.intro-pique.agency/bcs4/natural-heroes,Nevil,3,0,De bereikbaarheid is smaller dan wat de klant verwacht
PLNTS,plnts,https://www.intro-pique.agency/bcs4/plnts,Jesse,2,0,De bereikbaarheid is smaller dan wat de klant verwacht
PersonalSurprise,personalsurprise,https://www.intro-pique.agency/bcs4/personalsurprise,Lindy,1,1,Het volume groeit sneller dan de bezetting
Pieter Pot,pieter-pot,https://www.intro-pique.agency/bcs4/pieter-pot,Jouri,2,2,De bereikbaarheid is smaller dan wat de klant verwacht
Podobrace,podobrace,https://www.intro-pique.agency/bcs4/podobrace,Bill,1,1,Het volume groeit sneller dan de bezetting
Poederbaas,poederbaas,https://www.intro-pique.agency/bcs4/poederbaas,Wisse,2,0,"Er komt een merk, land of kanaal bij"
Power Supplements,power-supplements,https://www.intro-pique.agency/bcs4/power-supplements,,2,1,De bereikbaarheid is smaller dan wat de klant verwacht
Printenbind,printenbind,https://www.intro-pique.agency/bcs4/printenbind,Bart,2,1,Het volume groeit sneller dan de bezetting
Purewhite,purewhite,https://www.intro-pique.agency/bcs4/purewhite,Ramzi,3,0,De bereikbaarheid is smaller dan wat de klant verwacht
Quotrell,quotrell,https://www.intro-pique.agency/bcs4/quotrell,Hans,2,0,"Er komt een merk, land of kanaal bij"
Red-Rag,red-rag,https://www.intro-pique.agency/bcs4/red-rag,,1,0,De bereikbaarheid is smaller dan wat de klant verwacht
Rehab Footwear,rehab-footwear,https://www.intro-pique.agency/bcs4/rehab-footwear,Jaco,2,0,De bereikbaarheid is smaller dan wat de klant verwacht
Rosefield,rosefield,https://www.intro-pique.agency/bcs4/rosefield,Christiaan,3,0,"Er komt een merk, land of kanaal bij"
Sapph,sapph,https://www.intro-pique.agency/bcs4/sapph,Erik,1,0,Er wisselt iets in eigendom of leiding en alles wordt opnieuw ingericht
Seepje,seepje,https://www.intro-pique.agency/bcs4/seepje,Jasper,1,1,Het volume groeit sneller dan de bezetting
Slaapkamerweb,slaapkamerweb,https://www.intro-pique.agency/bcs4/slaapkamerweb,Niek,1,1,De bereikbaarheid is smaller dan wat de klant verwacht
Somnox,somnox,https://www.intro-pique.agency/bcs4/somnox,Julian,2,2,De bereikbaarheid is smaller dan wat de klant verwacht
Sticky Lemon,sticky-lemon,https://www.intro-pique.agency/bcs4/sticky-lemon,Simone,2,0,De bereikbaarheid is smaller dan wat de klant verwacht
Studio Ins en Outs,studio-ins-en-outs,https://www.intro-pique.agency/bcs4/studio-ins-en-outs,,1,0,Het volume groeit sneller dan de bezetting
Summum Woman,summum-woman,https://www.intro-pique.agency/bcs4/summum-woman,Jos,2,1,Het volume groeit sneller dan de bezetting
Veneta,veneta,https://www.intro-pique.agency/bcs4/veneta,Dinno,1,0,De bereikbaarheid is smaller dan wat de klant verwacht
Violet Hamden,violet-hamden,https://www.intro-pique.agency/bcs4/violet-hamden,,2,2,De bereikbaarheid is smaller dan wat de klant verwacht
Wakuli,wakuli,https://www.intro-pique.agency/bcs4/wakuli,Yorick,1,0,De bereikbaarheid is smaller dan wat de klant verwacht
Werk aan de Muur,werk-aan-de-muur,https://www.intro-pique.agency/bcs4/werk-aan-de-muur,Stephanie,1,1,De bereikbaarheid is smaller dan wat de klant verwacht
Wolky,wolky,https://www.intro-pique.agency/bcs4/wolky,Floor,2,0,De bereikbaarheid is smaller dan wat de klant verwacht
Wolplein,wolplein,https://www.intro-pique.agency/bcs4/wolplein,Petra,2,0,"Er komt een merk, land of kanaal bij"
Xtorm,xtorm,https://www.intro-pique.agency/bcs4/xtorm,Hans,1,1,"Er komt een merk, land of kanaal bij"
Yogisha,yogisha,https://www.intro-pique.agency/bcs4/yogisha,Dominique,1,1,Het volume groeit sneller dan de bezetting
Zenggi,zenggi,https://www.intro-pique.agency/bcs4/zenggi,Marian,3,1,De bereikbaarheid is smaller dan wat de klant verwacht
