vestiging,bedrijf,beslisser,status,lp_gescand,actie,datum,batch,scans,laatste_scan
,DGC,Robbert de Jong,benaderd,nee,Kaart verstuurd,,Batch 1 franchise,,
,Hakvoort,Eric Harsta,benaderd,nee,Kaart verstuurd,,Batch 1 franchise,,
,Cijfermeester,Robert Zuijdwegt,gescand,ja,1 scan - gemaild,14 jul,Batch 1 franchise,,
,Kersten,Inge van Baalen,benaderd,nee,Kaart verstuurd,,Batch 1 franchise,,
,Lamme,Michel Lammerts,benaderd,nee,Kaart verstuurd,,Batch 1 franchise,,
,Wildkamp,Arthur Kuiters,benaderd,nee,Kaart verstuurd,,Batch 1 franchise,,
,MultiCopy,Myra Dik,benaderd,nee,Kaart verstuurd,,Batch 1 franchise,,
,Protect,Hein Coomans,benaderd,nee,Kaart verstuurd,,Batch 1 franchise,,
,NL Brandbeveiliging,Joost de Wildt,benaderd,nee,Kaart verstuurd,,Batch 1 franchise,,
,In-Person,Peterine van Egdom,benaderd,nee,Kaart verstuurd,,Batch 1 franchise,,
,Jongeneel,Cor Boeve,benaderd,nee,Kaart verstuurd,,Batch 1 franchise,,
,Abemec,Mark Hendriksen,gescand,ja,1 scan - gemaild,8 jul,Batch 1 franchise,,
,Atalian,Annet Kosse,afgevallen,ja,2 scans - gemaild,9 jul,Batch 1 franchise,,
,OBN,Gerald Merkus,gesprek,ja,1 scan - gemaild,8 jul,Batch 1 franchise,,
,PBM Partner,Harrie Lagerwaard,benaderd,nee,Kaart verstuurd,,Batch 1 franchise,,
,Huurmaat,John Lieshout,benaderd,nee,Kaart verstuurd,,Batch 1 franchise,,
,ABS Autoherstel,Ineke van Klei,benaderd,nee,Kaart verstuurd,,Batch 1 franchise,,
,Econed Werk,Joyce van den Noort,benaderd,nee,Kaart verstuurd,,Batch 1 franchise,,
,Glaspunt,Joris Janssen,gescand,ja,1 scan - gemaild,10 jul,Batch 1 franchise,,
,Westpoort,Maarten van Andel,afspraak,ja,3 scans - gemaild,7 jul,Batch 1 franchise,,
,Gio Coffee,Rianne van Koot,gescand,ja,1 scan - gemaild,9 jul,Batch 1 franchise,,
,SolarToday,Renee Dommerholt-ter Avest,benaderd,nee,Kaart verstuurd,,Batch 1 franchise,,
,Dynamis,Jeroen Kroondijk,benaderd,nee,Kaart verstuurd,,Batch 1 franchise,,
,TSNED,Emiel de Bruin,afspraak,ja,1 scan - gemaild,13 jul,Batch 1 franchise,,
,HANOS,Jan Karel Renaud,benaderd,nee,Kaart verstuurd,,Batch 1 franchise,,
,Oranjedak,Lisanne de Gier-Valken,gescand,ja,2 scans - gemaild,13 jul,Batch 2 franchise,,
,Finovion,Wichard Hendriks,afspraak,ja,1 scan,22 jul,Batch 2 franchise,,
,Horesca Lieferink,Ronald Lieferink,benaderd,nee,Kaart verstuurd,,Batch 2 franchise,,
,Raadsma IJzerhandel,Jack Raadsma,benaderd,nee,Kaart verstuurd,,Batch 2 franchise,,
,Witzand Bouwmaterialen,Herwin van de Vegte,gescand,ja,1 scan - gemaild,14 jul,Batch 2 franchise,,
,CarXpert,Kees Willemsen,benaderd,nee,Kaart verstuurd,,Batch 2 franchise,,
,Eggink Verpakkingen,Edwin Beumer,benaderd,nee,Kaart verstuurd,,Batch 2 franchise,,
,Abel Installatie,Paul Kleijn,benaderd,nee,Kaart verstuurd,,Batch 2 franchise,,
,SkyLift,Jeroen Schobben,benaderd,nee,Kaart verstuurd,,Batch 2 franchise,,
,Van der Velden Rioleringsbeheer,Walter van der Velden Jonkers,gescand,ja,1 scan - gemaild,13 jul,Batch 2 franchise,,
,Kemkens,Peet Ceelen,gescand,ja,1 scan - gemaild,10 jul,Batch 2 franchise,,
,Sanitiem,Jochem Willemse,benaderd,nee,Kaart verstuurd,,Batch 2 franchise,,
,EW Facility Services,Sjoerd Dijkstra,benaderd,nee,Kaart verstuurd,,Batch 2 franchise,,
,Dutch Quality Gardens,Daan van der Veen,gescand,ja,1 scan - gemaild,9 jul,Batch 2 franchise,,
,Globe Security,Mirjam Roozegaarde,benaderd,nee,Kaart verstuurd,,Batch 2 franchise,,
,Mondial Movers,Marcel de Waal,gescand,ja,1 scan - gemaild,9 jul,Batch 2 franchise,,
,Nedflex,Rebecca Koelemeijer,gescand,ja,1 scan - gemaild,13 jul,Batch 2 franchise,,
,Mail Boxes Etc.,Moshe Issaharov,benaderd,nee,Kaart verstuurd,,Batch 2 franchise,,
,KoffiePartners,Daan Knuvers,benaderd,nee,Kaart verstuurd,,Batch 2 franchise,,
,Cycloon,Marieke Snoek,benaderd,nee,Kaart verstuurd,,Batch 2 franchise,,
,Fonville,Eric Ambergen,benaderd,nee,Kaart verstuurd,,Batch 2 franchise,,
,BLOM Opleidingen,Roy Groothuis,benaderd,nee,Kaart verstuurd,,Batch 2 franchise,,
,ReBM Bedrijfsmakelaardij,Arjen Jansma,benaderd,nee,Kaart verstuurd,,Batch 2 franchise,,
,Coolworld Rentals,Erwin Sprenkels,gescand,ja,1 scan - gemaild,16 jul,Batch 2 franchise,,
,Vakgarage,Chris-Jan Lammerts,gescand,ja,2 scans - gemaild,16 jul,Batch 3 franchise,,
,Bosch Car Service,Michiel Frijters,gescand,ja,1 scan - gemaild,17 jul,Batch 3 franchise,,
,Continu,Jan-Willem Dijkstra,benaderd,nee,Kaart verstuurd,,Batch 3 franchise,,
,Euromaster,Rene van Maasakkers,gescand,ja,1 scan - gemaild,28 jul,Batch 3 franchise,,
,Kwik-Fit,Arjan van der Meer,benaderd,nee,Kaart verstuurd,,Batch 3 franchise,,
,Timing,Frank Letteboer,gescand,ja,3 scans - gemaild,28 jul,Batch 3 franchise,,
,Profile Tyrecenter,Robert Sinke,benaderd,nee,Kaart verstuurd,,Batch 3 franchise,,
,Luba,Johan Doornenbal,benaderd,nee,Kaart verstuurd,,Batch 3 franchise,,
,CSU,Natalie Sandmann,benaderd,nee,Kaart verstuurd,,Batch 3 franchise,,
,Asito,Jeroen Wijninga,gescand,ja,1 scan - gemaild,16 jul,Batch 3 franchise,,
,Trigion,Menno van der Zalm,gescand,ja,1 scan - gemaild,22 jul,Batch 3 franchise,,
,Krinkels,Jeron Boellaard,gescand,ja,1 scan - gemaild,16 jul,Batch 3 franchise,,
,idverde,Mascha Maas,benaderd,nee,Kaart verstuurd,,Batch 3 franchise,,
,Boels Rental,Rob Koevoets,benaderd,nee,Kaart verstuurd,,Batch 3 franchise,,
,Ooms Makelaars,Ted Rommelse,gescand,ja,1 scan - gemaild,17 jul,Batch 3 franchise,,
,Van der Sande Makelaars,Peter-Paul Verhoeven,gescand,ja,1 scan - gemaild,16 jul,Batch 3 franchise,,
,Rodenburg Bedrijfsmakelaars,Alexander Dekker,gescand,ja,1 scan - gemaild,16 jul,Batch 3 franchise,,
,Van Dorp,Martin ten Brummeler,afspraak,ja,2 scans - gemaild,16 jul,Batch 3 franchise,,
,Breman Installatiegroep,Erik van Heuveln,gescand,ja,1 scan - gemaild,15 jul,Batch 3 franchise,,
,Kuijpers,Aukje Kuypers,gescand,ja,1 scan - gemaild,23 jul,Batch 3 franchise,,
,Hoppenbrouwers Techniek,Henny de Haas,benaderd,nee,Kaart verstuurd,,Batch 3 franchise,,
,Unica,Susan de Vree,benaderd,nee,Kaart verstuurd,,Batch 3 franchise,,
,ERIKS,Lennart Vrielink,benaderd,nee,Kaart verstuurd,,Batch 3 franchise,,
,Rensa,Leon Brull,benaderd,nee,Kaart verstuurd,,Batch 3 franchise,,
,Rubix Nederland,Dick van Elsen,benaderd,nee,Kaart verstuurd,,Batch 3 franchise,,
,Fabory,Robert-Jan Brands,benaderd,nee,Kaart verstuurd,,Batch 3 franchise,,
,CWS Nederland,Daniel Post,afgevallen,ja,2 scans - gemaild,20 jul,Batch 3 franchise,,
,Blycolin,Marc van Boekholt,gescand,ja,3 scans - gemaild,23 jul,Batch 3 franchise,,
,Rentex,Titus Friso Mulder,benaderd,nee,Kaart verstuurd,,Batch 3 franchise,,
,Peeze,Myriam Lufting,benaderd,nee,Kaart verstuurd,,Batch 3 franchise,,
,Esdec,Sander van der Laan,benaderd,nee,Kaart verstuurd,,Batch 3 franchise,,
,Libra Energy,Stephan van der Kolk,benaderd,nee,Kaart verstuurd,,Batch 3 franchise,,
,NCOI Opleidingen,Robert van Zanten,gescand,ja,1 scan - gemaild,16 jul,Batch 3 franchise,,
,UTS Nederland,Richard de Roo,gescand,ja,4 scans - gemaild,14 jul,Batch 3 franchise,,
,Simon Loos,Peter Bakker,gescand,ja,3 scans - gemaild,14 jul,Batch 3 franchise,,
,Probo,Douwe Pieter van der Galien,gescand,ja,1 scan - gemaild,15 jul,Batch 3 franchise,,
,Drukwerkdeal,Martijn Jansen,benaderd,nee,Kaart verstuurd,,Batch 3 franchise,,
,Vegro,Else Reitsma,gescand,ja,1 scan - gemaild,15 jul,Batch 3 franchise,,
,Harting-Bank,Rene Martens,gescand,ja,1 scan - gemaild,15 jul,Batch 3 franchise,,
,Countus,Serge Evers,benaderd,nee,Kaart verstuurd,,Batch 3 franchise,,
,aaff,Fou-Khan Tsang,benaderd,nee,Kaart verstuurd,,Batch 3 franchise,,
,Olympia,Dimitri Yocarini,benaderd,nee,Kaart verstuurd,,Batch 3 franchise,,
,NVD Beveiliging,Henk Brouwer,benaderd,nee,Kaart verstuurd,,Batch 3 franchise,,
,Colle Rental & Sales,Michiel Kokkelmans,benaderd,nee,Kaart verstuurd,,Batch 3 franchise,,
,Oosterberg,Arien Brak,benaderd,nee,Kaart verstuurd,,Batch 3 franchise,,
,Maas International,George Schoof,gescand,ja,1 scan - gemaild,22 jul,Batch 3 franchise,,
,ROVC,Kirsten Haan,benaderd,nee,Kaart verstuurd,,Batch 3 franchise,,
,Schouten & Nelissen,Steven Steenbergen,benaderd,nee,Kaart verstuurd,,Batch 3 franchise,,
,Bureau Max,Max Dammers,benaderd,nee,Kaart verstuurd,,Retentie,,
,HV Media,Henri Verhagen,benaderd,nee,Kaart verstuurd,,Retentie,,
,Asociaal Marketing,Jelle van der Poel,benaderd,nee,Kaart verstuurd,,Retentie,,
,Ad Kings,Ramin Mamedov,gescand,ja,1 scan - gemaild,14 jul,Retentie,,
,Seeders,Dennis Akkerman,gescand,ja,1 scan - gemaild,15 jul,Retentie,,
,Webcontent Marketing,Rini Petersen,benaderd,nee,Kaart verstuurd,,Retentie,,
,Internet Impact,Remon Hendriksen,benaderd,nee,Kaart verstuurd,,Retentie,,
,Digital Newsgroup,Marco Rinck,benaderd,nee,Kaart verstuurd,,Retentie,,
,TIC Online Marketing,Timo Brock,benaderd,nee,Kaart verstuurd,,Retentie,,
,Result Internetmarketing,Sjoerd Hansen,benaderd,nee,Kaart verstuurd,,Retentie,,
,iClicks,Raimond Jonkhoff,benaderd,nee,Kaart verstuurd,,Retentie,,
,LEQUAL,Rick Burgers,benaderd,nee,Kaart verstuurd,,Retentie,,
,Online Marketing Agency,Daniel Kuipers,benaderd,nee,Kaart verstuurd,,Retentie,,
,Klik Digital,Mathias Aaftink,benaderd,nee,Kaart verstuurd,,Retentie,,
,SAM Online Marketing,Sasha Yazdi,gescand,ja,1 scan - gemaild,14 jul,Retentie,,
,AdsVIBE,Tiemen de Jonge,benaderd,nee,Kaart verstuurd,,Retentie,,
,Marketing Reus,Herbert Veneberg,gescand,ja,1 scan - gemaild,15 jul,Retentie,,
,Online Marketing Assistent,Max van der Zee,benaderd,nee,Kaart verstuurd,,Retentie,,
,Wolf Online Marketing,Stijn Buijsrogge,benaderd,nee,Kaart verstuurd,,Retentie,,
,Webcrafter,Sander Touw,benaderd,nee,Kaart verstuurd,,Retentie,,
,Bad in Beeld,Mike van Reusel,lijst,,,,Franchise Nieuw-200,,
,InstalCenter,Aram van Jaarsveld,lijst,,,,Franchise Nieuw-200,,
,Byzon Buitenzonwering,Dirk Minnaard,lijst,,,,Franchise Nieuw-200,,
,Degalux,Willem-Jan Wijnbergen,lijst,,,,Franchise Nieuw-200,,
,IGM Inkoopgroep Bouwmaterialen,Abel Kalfsbeek,lijst,,,,Franchise Nieuw-200,,
,Ferney Group,Gert Rademaker,lijst,,,,Franchise Nieuw-200,,
,NiCB Inkoopcombinatie Bouwbedrijven,Rinus Reimert,lijst,,,,Franchise Nieuw-200,,
,Nicovij,Willie Dekens,lijst,,,,Franchise Nieuw-200,,
,4PLUS,Kees Machielse,lijst,,,,Franchise Nieuw-200,,
,IncoNed,Django Eijgensteijn,lijst,,,,Franchise Nieuw-200,,
,Zevij-Necomij,Olaf de Boer,lijst,,,,Franchise Nieuw-200,,
,Bouw-Inkoop Combinatie,Steven Stijsiger,lijst,,,,Franchise Nieuw-200,,
,AW Nederland,Dennis Geerdes,lijst,,,,Franchise Nieuw-200,,
,Bevela Verfgroothandel,Rob Dirks,lijst,,,,Franchise Nieuw-200,,
,Groenhart,Ben Kok,lijst,,,,Franchise Nieuw-200,,
,Pehavo,Frank Pennings,lijst,,,,Franchise Nieuw-200,,
,Groot Techniek,Ronald Groot,lijst,,,,Franchise Nieuw-200,,
,Lasaulec,Anne Lourens,lijst,,,,Franchise Nieuw-200,,
,Elektrotransfer,Edwin Keizer,lijst,,,,Franchise Nieuw-200,,
,TICNED,Norbert Leerkes,lijst,,,,Franchise Nieuw-200,,
,Marree Technische Groothandel,Ben Marree + R. van Plateringen,lijst,,,,Franchise Nieuw-200,,
,Warmteservice,T. de Bruin,lijst,,,,Franchise Nieuw-200,,
,Emondt Groep,Hems Roerink,lijst,,,,Franchise Nieuw-200,,
,Uw Duurzame Installateur,Caspar Norg,lijst,,,,Franchise Nieuw-200,,
,Nationale Bomenbank,Dirk Doornenbal,lijst,,,,Franchise Nieuw-200,,
,Verheij Integrale Groenzorg,Wilco Boender,lijst,,,,Franchise Nieuw-200,,
,Schipper Security,Gert-Jan van Ginkel,lijst,,,,Franchise Nieuw-200,,
,Hofkens HIG,Mark Hofkens,lijst,,,,Franchise Nieuw-200,,
,OAMKB,Albert Kluyver,lijst,,,,Franchise Nieuw-200,,
,GoedOpOrde,Martijn Kulk,lijst,,,,Franchise Nieuw-200,,
,Omnius Advocaten,Henri Niezink & Sam Kieboom,lijst,,,,Franchise Nieuw-200,,
,Straetus Nederland,Patrick Nauw / Crijn Janssen,lijst,,,,Franchise Nieuw-200,,
,De Hypotheker,Michel van den Akker,lijst,,,,Franchise Nieuw-200,,
,Quintes,Gijsbert van de Nieuwegiessen,lijst,,,,Franchise Nieuw-200,,
,Hezelburcht,Marc Guelen,lijst,,,,Franchise Nieuw-200,,
,A.A.S. Schadeherstel,Nicole Spenkelink,lijst,,,,Franchise Nieuw-200,,
,Heuver Group,Laura van den Heuvel,lijst,,,,Franchise Nieuw-200,,
,Loxam Nederland,Marcel van der Laan,lijst,,,,Franchise Nieuw-200,,
,Palletways Benelux,Henk Dellepoort,lijst,,,,Franchise Nieuw-200,,
,TransMission,Peter Tjalma,lijst,,,,Franchise Nieuw-200,,
,Vakwijs,Peter van Winssen,lijst,,,,Franchise Nieuw-200,,
,BusinessCom,Pieter van Eldonk,lijst,,,,Franchise Nieuw-200,,
,Achterkamp,Tom Sinderdinck,lijst,,,,Franchise Nieuw-200,,
,ProCoatings,Commercieel directeur NL,lijst,,,,Franchise Nieuw-200,,
,Sakol,Jan-Hein de Laat (dir.),lijst,,,,Franchise Nieuw-200,,
,Polvo,Commercieel directeur,lijst,,,,Franchise Nieuw-200,,
,Kroon Technische Groothandel,Wouter Straman (comm. mgr),lijst,,,,Franchise Nieuw-200,,
,Plieger,Commercieel directeur,lijst,,,,Franchise Nieuw-200,,
,SealteQ,Martin van der Leest (CEO),lijst,,,,Franchise Nieuw-200,,
,NiCI,Alg./comm. directeur,lijst,,,,Franchise Nieuw-200,,
,InstallatieBalie,Arjen van der Leeden (oper. dir.),lijst,,,,Franchise Nieuw-200,,
,YESSS Electrical NL,Country/comm. directeur NL,lijst,,,,Franchise Nieuw-200,,
,ISPA Plastics,Commercieel directeur,lijst,,,,Franchise Nieuw-200,,
,AES Technische Groothandel,Edwin van Bruggen (dir./eig.),lijst,,,,Franchise Nieuw-200,,
,TGH van Triest,B. van Triest (DGA),lijst,,,,Franchise Nieuw-200,,
,Mechan Groep,Wim Hengeveld (Dealer Dev.),lijst,,,,Franchise Nieuw-200,,
,Kamps de Wild,Jorris Postma (divisiedir.),lijst,,,,Franchise Nieuw-200,,
,Van der Maar,Directeur/eigenaar,lijst,,,,Franchise Nieuw-200,,
,Saman Groep,Daniël Lodders (dir.),lijst,,,,Franchise Nieuw-200,,
,Van Ginkel Groep,Wim van Ginkel (dir.-eig.),lijst,,,,Franchise Nieuw-200,,
,Aqua+,Algemeen directeur,lijst,,,,Franchise Nieuw-200,,
,VDK Groep,Frans van der Kolk (dir./eig.),lijst,,,,Franchise Nieuw-200,,
,Combine Group,Directeur coöperatie,lijst,,,,Franchise Nieuw-200,,
,VINK Installatie Groep,Peter Bakker e.a. (MT),lijst,,,,Franchise Nieuw-200,,
,Takkenkamp,Commercieel directeur,lijst,,,,Franchise Nieuw-200,,
,Dutch Fire Safety Group,Commercieel directeur,lijst,,,,Franchise Nieuw-200,,
,BPN Groep,Commercieel directeur,lijst,,,,Franchise Nieuw-200,,
,Groencollectief Nederland,Centrale coördinator,lijst,,,,Franchise Nieuw-200,,
,SIGHT Landscaping,Commercieel directeur,lijst,,,,Franchise Nieuw-200,,
,Coöperatie NL Pest Control,Voorzitter/formulemanager,lijst,,,,Franchise Nieuw-200,,
,OBDN Ongediertebestrijding,Directeur centrale org,lijst,,,,Franchise Nieuw-200,,
,Huschka Groep,Emill de Waal (dir./eig.),lijst,,,,Franchise Nieuw-200,,
,Vandervalk+DeGroot,Commercieel directeur,lijst,,,,Franchise Nieuw-200,,
,RRS Riool Reinigings Service,Commercieel directeur,lijst,,,,Franchise Nieuw-200,,
,Milieu Service Nederland,Commercieel directeur,lijst,,,,Franchise Nieuw-200,,
,Barthen (Riool.nl),Commercieel directeur,lijst,,,,Franchise Nieuw-200,,
,Refresh Reinigingen,Jorik van Run (eig./DGA),lijst,,,,Franchise Nieuw-200,,
,101BHV,Rick Boelens (dir./eig.),lijst,,,,Franchise Nieuw-200,,
,BHV Nederland,Kees Weerheim (alg. dir.),lijst,,,,Franchise Nieuw-200,,
,Holland Herstel Groep,Rob Meershoek (directie),lijst,,,,Franchise Nieuw-200,,
,TOPP,Commercieel/marketing dir.,lijst,,,,Franchise Nieuw-200,,
,Kubus,Bestuurder/comm. directeur,lijst,,,,Franchise Nieuw-200,,
,'t AccountantHuis,Peter Paul Cornielje (opr.),lijst,,,,Franchise Nieuw-200,,
,Gentle Incasso,Directeur/eigenaar,lijst,,,,Franchise Nieuw-200,,
,Incassonet,Directeur/eigenaar,lijst,,,,Franchise Nieuw-200,,
,Concept Arbo,Arjen Ferguson,lijst,,,,Franchise Nieuw-200,,
,Mijn Poortwachter,Tom Bronk (eig./DGA),lijst,,,,Franchise Nieuw-200,,
,Bukom,Sjoerd Wasserval (alg. dir.),lijst,,,,Franchise Nieuw-200,,
,Beercoo,Commercieel directeur/DGA,lijst,,,,Franchise Nieuw-200,,
,CMIS Franchise,Comm. directeur/formulemgr,lijst,,,,Franchise Nieuw-200,,
,Staatvandienst,Directie,lijst,,,,Franchise Nieuw-200,,
,VKG (Van Kampen Groep),Tom van der Geer / R. de Kruijf,lijst,,,,Franchise Nieuw-200,,
,MVGM,Maarten Vermeulen (dir. NL),lijst,,,,Franchise Nieuw-200,,
,Brandt Bedrijfsmakelaars,Eigenaar/directie,lijst,,,,Franchise Nieuw-200,,
,ArGon Groep,Directeur,lijst,,,,Franchise Nieuw-200,,
,Bedrijfsartsengroep,Directeur,lijst,,,,Franchise Nieuw-200,,
,Aditum Arbo,Directeur,lijst,,,,Franchise Nieuw-200,,
,Effectyf,Directeur,lijst,,,,Franchise Nieuw-200,,
,Mandaat Diensten,Directeur,lijst,,,,Franchise Nieuw-200,,
,CNA,Directie,lijst,,,,Franchise Nieuw-200,,
,Point-S Nederland,Commercieel/landelijk mgr,lijst,,,,Franchise Nieuw-200,,
,A-Point Groep,Commercieel directeur fleet,lijst,,,,Franchise Nieuw-200,,
,ESA Trucks Nederland,Commercieel directeur,lijst,,,,Franchise Nieuw-200,,
,Bakker Bedrijfswagens,Commercieel directeur,lijst,,,,Franchise Nieuw-200,,
,Van Dijk Trucks,Directeur/DGA,lijst,,,,Franchise Nieuw-200,,
,Nijwa,Directeur/DGA,lijst,,,,Franchise Nieuw-200,,
,Broekhuis Groep,Commercieel directeur fleet,lijst,,,,Franchise Nieuw-200,,
,Pouw Automotive,Commercieel directeur fleet,lijst,,,,Franchise Nieuw-200,,
,Nebim Groep,Directeur/DGA,lijst,,,,Franchise Nieuw-200,,
,Modul-System Nederland,Manager/directeur NL,lijst,,,,Franchise Nieuw-200,,
,MKB Lease,Directeur MKB Lease,lijst,,,,Franchise Nieuw-200,,
,Banden Express,Commercieel directeur,lijst,,,,Franchise Nieuw-200,,
,Truckwash 1 Group,Eigenaar/DGA,lijst,,,,Franchise Nieuw-200,,
,Mateco,Commercieel directeur NL,lijst,,,,Franchise Nieuw-200,,
,Verno Verhuur,Eigenaar/DGA,lijst,,,,Franchise Nieuw-200,,
,LVS Trucks,Directeur,lijst,,,,Franchise Nieuw-200,,
,Wensink,Jorus Vos (CEO) / comm. dir.,lijst,,,,Franchise Nieuw-200,,
,Wassink Autogroep,Commercieel/zakelijk directeur,lijst,,,,Franchise Nieuw-200,,
,Van den Ban Autobanden,Comm./alg. directeur,lijst,,,,Franchise Nieuw-200,,
,Van Nierop Groep,Eigenaar/DGA,lijst,,,,Franchise Nieuw-200,,
,Hatrans,Directeur/eigenaar,lijst,,,,Franchise Nieuw-200,,
,Van Buuren Bedrijfskleding,Comm. directeur / mgr Kleding&PBM,lijst,,,,Franchise Nieuw-200,,
,BHV.NL,Commercieel/alg. directeur,lijst,,,,Franchise Nieuw-200,,
,Werkfactor,Hielke Penninga (eig.),lijst,,,,Franchise Nieuw-200,,
,Textiel Services Nederland,Eigenaar/DGA,lijst,,,,Franchise Nieuw-200,,
,Business Fashion,Eigenaar/DGA (familie),lijst,,,,Franchise Nieuw-200,,
,Veilig Opleiden,Maarten Herlaar (eig.),lijst,,,,Franchise Nieuw-200,,
,Logistic Force Opleidingen,Opleidings-/comm. directeur,lijst,,,,Franchise Nieuw-200,,
,JobTrans,Eigenaar/DGA,lijst,,,,Franchise Nieuw-200,,
,Dek Opleidingen,Commercieel directeur (familie),lijst,,,,Franchise Nieuw-200,,
,AC Opleidingen,De Wette (eig./DGA),lijst,,,,Franchise Nieuw-200,,
,9093 Opleidingen,Steven Reeb (eig.),lijst,,,,Franchise Nieuw-200,,
,Van Gelder,HARD,lijst,,,,Franchise Nieuw-200,,
,Scheerder Drankengroothandel,te verifiëren,lijst,,,,Franchise Nieuw-200,,
,Horecagroothandel Brouwer,te verifiëren,lijst,,,,Franchise Nieuw-200,,
,Boekel AGF,HARD,lijst,,,,Franchise Nieuw-200,,
,Van Arkel & Zn,HARD,lijst,,,,Franchise Nieuw-200,,
,Zandbergen Vlees,te verifiëren,lijst,,,,Franchise Nieuw-200,,
,Het Vleescentrum,te verifiëren,lijst,,,,Franchise Nieuw-200,,
,Eisenga Kaas,te verifiëren,lijst,,,,Franchise Nieuw-200,,
,De Kreij Horeca,te verifiëren,lijst,,,,Franchise Nieuw-200,,
,Hansen Dranken,te verifiëren,lijst,,,,Franchise Nieuw-200,,
,Care for Coffee,te verifiëren,lijst,,,,Franchise Nieuw-200,,
,Beans Coffee,te verifiëren,lijst,,,,Franchise Nieuw-200,,
,Bukom (dubbel met #88),—,lijst,,,,Franchise Nieuw-200,,
,Groothandel Blok,te verifiëren,lijst,,,,Franchise Nieuw-200,,
,Revolut Business,Francesco Aghemio,lijst,,,,Grote merken,,
,bunq,Bianca Zwart,lijst,,,,Grote merken,,
,Mollie,Ken Serdons,lijst,,,,Grote merken,,
,Klarna,Wilko Klaassen,lijst,,,,Grote merken,,
,CCV,John Kolthof,lijst,,,,Grote merken,,
,N26,Nathalie Picquot,lijst,,,,Grote merken,,
,ING Zakelijk,Feyza Tamer,lijst,,,,Grote merken,,
,ABN AMRO Zakelijk,Patrick Pfaff,lijst,,,,Grote merken,,
,Knab,Antoinette Leopold,lijst,,,,Grote merken,,
,KPN Zakelijk,Chantal Vergouw,lijst,,,,Grote merken,,
,Odido Zakelijk,Martijn Teekens,lijst,,,,Grote merken,,
,Vodafone Business (VodafoneZiggo),John van Vianen,lijst,,,,Grote merken,,
,Ziggo Zakelijk (VodafoneZiggo),John van Vianen,lijst,,,,Grote merken,,
,Eneco Zakelijk,Dick Velings,lijst,,,,Grote merken,,
,Vattenfall Zakelijk,Jolanda Bakker,lijst,,,,Grote merken,,
,Essent Zakelijk,Boudewijn den Herder,lijst,,,,Grote merken,,
,Greenchoice,Ehssane Gounou,lijst,,,,Grote merken,,
,Vandebron,Marloes Dobbe,lijst,,,,Grote merken,,
,Centraal Beheer,Yolanda van Die,lijst,,,,Grote merken,,
,Nationale-Nederlanden,Wim de Bundel,lijst,,,,Grote merken,,
,Interpolis,René Voets,lijst,,,,Grote merken,,
,a.s.r.,Hella de Weger,lijst,,,,Grote merken,,
,Exact,Sophie Wildeboer,lijst,,,,Grote merken,,
,AFAS,Martijn Delahaye,lijst,,,,Grote merken,,
,Visma Youserve,Ingeborg Brandsma,lijst,,,,Grote merken,,
,Lightspeed,Liam Crooks,lijst,,,,Grote merken,,
,Teamleader,Jeroen De Wit,lijst,,,,Grote merken,,
,Bird,Robert Vis,lijst,,,,Grote merken,,
,Moneybird,Edwin Vlieg,lijst,,,,Grote merken,,
,PostNL Zakelijk,Selma Postma,lijst,,,,Grote merken,,
,DHL,Paul van den Acker,lijst,,,,Grote merken,,
,Coolblue Zakelijk,Fabian Groen,lijst,,,,Grote merken,,
,bol Zakelijk,Joris Scheepens,lijst,,,,Grote merken,,
,Sligro,Willem-Jan Strijbosch,lijst,,,,Grote merken,,
,Bidfood,Wieteke Lankhaar,lijst,,,,Grote merken,,
,Ayvens,Lonneke van der Horst,lijst,,,,Grote merken,,
,Athlon,Willemijne de Wit,lijst,,,,Grote merken,,
,Justlease,René de Jong,lijst,,,,Grote merken,,
,MyWheels,Claire Sipkema-Oosterholt,lijst,,,,Grote merken,,
,Tesla,Wouter Wildbret,lijst,,,,Grote merken,,
,YoungCapital,Martijn Tomassen,lijst,,,,Grote merken,,
,Leaseweb,Jeroen Verkroost,lijst,,,,Grote merken,,
,Spaces / Regus,Jeroen Roverts,lijst,,,,Grote merken,,
,Randstad,Jeroen Tiel,lijst,,,,Grote merken,,
,Sana Commerce,Ruben Mink,gescand,ja,1 scan - concept klaar,29 jul,Batch 5,1,29-7-2026
,Royal Dutch Kusters,Jeroen Kusters,gescand,ja,1 scan - concept klaar,29 jul,Batch 5,1,29-7-2026
,Value Maritime,Maarten Lodewijks,gescand,ja,1 scan - concept klaar,29 jul,Batch 5,1,29-7-2026
,Suncom Energy,Henk Arntz,gescand,ja,1 scan - concept klaar,29 jul,Batch 5,1,29-7-2026
,AES Technische Groothandel,Edwin van Bruggen,gescand,ja,1 scan - concept klaar,29 jul,Batch 5,1,29-7-2026
,Mijn Poortwachter,Tom Bronk,gescand,ja,1 scan - concept klaar,28 jul,Batch 5,1,28-7-2026
,Bukom,Sjoerd Wasserval,gescand,ja,1 scan - concept klaar,29 jul,Batch 5,1,29-7-2026
,Beercoo,Vincent de Beer,gescand,ja,1 scan - concept klaar,30 jul,Batch 5,1,30-7-2026
,Hatrans,Jan Rödel,gescand,ja,2 scans - concept klaar,29 jul,Batch 5,2,29-7-2026
,JobTrans,Henrik de Leeuw,gescand,ja,1 scan - concept klaar,29 jul,Batch 5,1,29-7-2026
,Zandbergen Vlees,René Zandbergen,gescand,ja,1 scan - concept klaar,30 jul,Batch 5,1,30-7-2026
,Omnius Advocaten,Henri Niezink,gescand,ja,1 scan - concept klaar,29 jul,Batch 5,1,29-7-2026
,TGH van Triest,Bart van Triest,gescand,ja,1 scan - concept klaar,29 jul,Batch 5,1,29-7-2026
,Werkfactor,Hielke Penninga,gescand,ja,1 scan - concept klaar,29 jul,Batch 5,1,29-7-2026
