"bedrijf","naam","email","modus","onderwerp","body","status"
"The Souks","Sandra","sandra@thesouks.com","reply","","Hoi Sandra,

Dat snap ik. Ik stuurde je een tijdje terug een handgeschreven kaartje met een QR-code erop. Achter die code zit een pagina die ik voor The Souks maakte, met wat me opviel rond jullie klantenservice.

Hier is 'ie alsnog: https://intro-pique.agency/bcs2/the-souks

Kijk 'm gerust even rustig door. Ik ben benieuwd wat je ervan vindt.

Groet,
Jeffrey",""
"Tea Bar","Britt","britt@teabar.nl","reply","","Hoi Britt,

Helder, en dank voor je eerlijke reactie. Vijf vragen per week houd je zelf inderdaad prima bij.

Mocht het ooit drukker worden, dan weet je me te vinden. Succes met Tea Bar en die mooie reviews.

Groet,
Jeffrey",""
"Smaak Amsterdam","Andre","andre@smaakamsterdam.nl","nieuw","Ik stuurde je laatst een kaartje","Hoi Andre,

Ik stuurde je laatst een handgeschreven kaart met een QR-code. Ik zag dat je 'm hebt gescand en de pagina hebt bekeken. Leuk, daar werd ik nieuwsgierig van.

Die pagina maakte ik voor Smaak Amsterdam omdat me iets opviel: wat er met jullie reviews gebeurt zodra een klant het gevoel heeft dat het antwoord te laat komt. Daar zou ik het graag eens kort met je over hebben.

Zullen we een keer vijftien minuten bellen? Dan laat ik zien wat ik precies bedoel. Komt bellen niet uit, dan hoor ik het ook.

Groet,
Jeffrey",""
