bedrijf,domein,statutaire_naam,adres,postcode,plaats,kvk,bag_id,notitie
ANNA plus NINA,anna-nina.nl,Anna + Nina B.V.,Gerard Douplein 17,1073XE,Amsterdam,58057897,NL1073XE-17,
Aaiko,aaiko.com,Aaiko Retail B.V.,Rigakade 20,1013BC,Amsterdam,62781723,NL1013BC-20,
Ballin Amsterdam,ballinamsterdam.com,Oakley Amsterdam,Kalverstraat 136,1012XD,Amsterdam,33281895,NL1012XD-136,gevonden via name=Ballin Amsterdam
Blond Amsterdam,blond-amsterdam.com,Blond USA,Bromostraat 24,1067TG,Amsterdam,50454110,NL1067TG-24,
Butcher of Blue,butcherofblue.com,Butcher of Blue B.V.,Soesterweg 310 A,3812BH,Amersfoort,70648115,NL3812BH-310,
CanvasCompany,canvascompany.nl,CanvasCompany.nl B.V.,Jumaweg 4,9291NA,Kollum,52568865,NL9291NA-4,
Catwalk Junkie,catwalkjunkie.com,U.S.P. Fashion Retail B.V.,Prinsengracht 419,1016HM,Amsterdam,67253253,NL1016HM-419,
Colourful Rebel,colourfulrebel.com,Colourful Rebel B.V.,Wibautstraat 135,1097DN,Amsterdam,63392976,NL1097DN-135,
Cosmeau,cosmeau.com,,,,,,,bedrijf niet gevonden
Fitchef,fitchef.nl,FitChef B.V.,Cimburgalaan 2,4819BC,Breda,76435008,NL4819BC-2,
Flinndal,flinndal.nl,Flinndal B.V.,Oerkapkade 5,2031EN,Haarlem,34195553,NL2031EN-5,
Foto op Hout,fotoophout.nl,Op Kleine Beer B.V.,Dotterbloemstraat 20,3286VM,Klaaswaal,85044431,NL3286VM-20,gevonden via name=Foto op Hout
Fotofabriek,fotofabriek.nl,Fotofabriek.nl B.V.,Osloweg 45,9723BH,Groningen,01138465,NL9723BH-45,
Greve Shoes,greve.nl,Schoenfabriek H. Greve B.V.,Zanddonkweg 1,5144NX,Waalwijk,18065123,NL5144NX-1,
Grutto,grutto.com,Grutto B.V.,Hoogstraat 23,1391BR,Abcoude,58587950,NL1391BR-23,
Jane Lushka,janelushka.com,Mary Jane V.O.F.,Hoogbrugstraat 4,6221CR,Maastricht,67467008,NL6221CR-4,gevonden via name=Jane Lushka
Just Franky,justfranky.com,Just Phones,Dierenriemstraat 108 a,9742AK,Groningen,56652526,NL9742AK-108,gevonden via name=Just Franky
LaDress,ladress.com,LaDress,De Lairessestraat 109,1071NX,Amsterdam,34247773,NL1071NX-109,
Lekker Bikes,lekkerbikes.com,Lekker Bikes,Tweede Kostverlorenkade 68,1053SB,Amsterdam,60449055,NL1053SB-68,
LouLou Essentiels,loulouessentiels.nl,by LouLou B.V.,Datheenstraat 57,2583BX,'s-Gravenhage,23081652,NL2583BX-57,
Malelions,malelions.com,Malelions B.V.,de Rijn 8,5684PJ,Best,78645190,NL5684PJ-8,
Metis Supplements,metissupplements.com,New Care Supplements B.V.,Prof. Eykmanweg 2,5144ND,Waalwijk,18062573,NL5144ND-2,gevonden via name=Metis Supplements
Natural Heroes,naturalheroes.nl,Natural Heroes B.V.,Rijnzathe 6,3454PV,De Meern,78112699,NL3454PV-6,
PLNTS,plnts.com,Plnts B.V.,2e Tochtweg 98,2913LS,Nieuwerkerk aan den IJssel,76981185,NL2913LS-98,gevonden via name=PLNTS
Pieter Pot,pieter-pot.nl,PieterPot Beheer B.V.,Delftweg 9,3043CC,Rotterdam,76039110,NL3043CC-9,
Podobrace,podobrace.nl,Podobrace B.V.,Marconistraat 9,1131JW,Volendam,69003211,NL1131JW-9,
Poederbaas,poederbaas.com,Poederbaas International B.V.,Corsicaweg 10,1044AB,Amsterdam,90481143,NL1044AB-10,
Printenbind,printenbind.nl,Print.Amsterdam B.V.,Kabelweg 44 A,1014BB,Amsterdam,67045596,NL1014BB-44,
Quotrell,quotrell.com,Quotrell B.V.,Gerard Noodtstraat 44,6511SX,Nijmegen,51398052,NL6511SX-44,
RainPharma,rainpharma.com,,,,,,,bedrijf niet gevonden
Rehab Footwear,rehabfootwear.com,Hathaway Brands B.V.,Verspycklaan 72 A,2671CS,Naaldwijk,92925650,NL2671CS-72,
Sapph,sapph.com,SAPPH Group B.V.,Blaak 555,3011GB,Rotterdam,97493198,NL3011GB-555,
Seepje,seepje.com,Seepje B.V.,Mauritskade 1,2514HC,'s-Gravenhage,65930452,NL2514HC-1,gevonden via domain=seepje.nl
Somnox,somnox.com,Somnox B.V.,Stationsplein 45 C3.063,3013AK,Rotterdam,67150179,NL3013AK-45,
Sticky Lemon,stickylemon.nl,Lemon Grass Gastronomie B.V.,Dr. Lelykade 24,2583CM,'s-Gravenhage,28112036,NL2583CM-24,gevonden via name=Sticky Lemon
Summum Woman,summumwoman.com,Summum B.V.,Gyroscoopweg 68,1042AC,Amsterdam,34120194,NL1042AC-68,
Tuinmaximaal,tuinmaximaal.nl,Tuinmaximaal B.V.,Maarten de Vriesstraat 22,5975RW,Sevenum,96526726,NL5975RW-22,gevonden via domain=tuinmaximaal.nl
Wakuli,wakuli.com,Wakuli Coffee Bar ZIEK,Ziekerstraat 169,6511LG,Nijmegen,87295415,NL6511LG-169,
Werk aan de Muur,werkaandemuur.nl,We Make It Work B.V.,Bingerweg 8,2031AZ,Haarlem,54387450,NL2031AZ-8,
Wolky,wolky.com,Wolky B.V.,Voorveste 15-B/C,3992DC,Houten,30082935,NL3992DC-15,
Wolplein,wolplein.nl,More2make B.V.,Doornepol 5,5301LV,Zaltbommel,53203755,NL5301LV-5,
Xtorm,xtorm.eu,Ramo Holland B.V.,Londiniumdreef 7,3962XW,Wijk bij Duurstede,30240475,NL3962XW-7,
Zenggi,zenggi.com,Zenggi B.V.,Vliegtuigstraat 28,1059CL,Amsterdam,34227017,NL1059CL-28,
