bedrijf,domein,ats,vacature_url,cs_vacatures,alle_vacatures,bron
Aaiko,aaiko.com,,https://aaiko.com/pages/careers,,0,
Buddha to Buddha,buddhatobuddha.com,,https://www.buddhatobuddha.com/vacatures,,0,
Butcher of Blue,butcherofblue.com,,https://butcherofblue.com/pages/carriere,,0,
CLUSE,cluse.com,,,,0,
CanvasCompany,canvascompany.nl,,,,0,
Catwalk Junkie,catwalkjunkie.com,,https://catwalkjunkie.com/pages/jobs-headoffice,,0,
Colourful Rebel,colourfulrebel.com,,https://colourfulrebel.com/pages/vacatures,,0,
Floer,floer.nl,,https://floer.nl/vacatures/,,0,
Foto op Hout,fotoophout.nl,,,,0,
Fotofabriek,fotofabriek.nl,,https://www.werkenbijfotofabriek.nl,,0,
Fred de la Bretoniere,freddelabretoniere.com,,https://www.freddelabretoniere.com/over-ons/vacatures,,0,
Greve Shoes,greve.nl,,,,0,
LaDress,ladress.com,,https://ladress.com/pages/careers,,0,
Lekker Bikes,lekkerbikes.com,,,,0,
LingaDore,lingadore.com,,https://www.lingadore.com/working-at-lingadore/,,0,
LouLou Essentiels,loulouessentiels.nl,,,,0,
Metis Supplements,metissupplements.com,,,,0,
Namens Mij,namensmij.nl,,,,0,
PLNTS,plnts.com,,,,0,
Pieter Pot,pieter-pot.nl,,,,0,
Podobrace,podobrace.nl,,https://www.podobrace.nl/pages/werken-bij/,,0,
Poederbaas,poederbaas.com,,,,0,
Printenbind,printenbind.nl,recruitee.com (printenbind),https://werkenbijprintenbind.nl/,Print Support | Klantenservicemedewerker | 2024-03-28,4,https://printenbind.recruitee.com/api/offers/
Quotrell,quotrell.com,,,,0,
Rehab Footwear,rehabfootwear.com,,https://www.rehabfootwear.com/#seogid1439645,,0,
Rosefield,rosefieldwatches.com,,,,0,
Sapph,sapph.com,,,,0,
Seepje,seepje.com,,,,0,
Somnox,somnox.com,,https://somnox.com/dreamland/,,0,
Sticky Lemon,stickylemon.nl,,,,0,
Summum Woman,summumwoman.com,,,,0,
Wakuli,wakuli.com,recruitee.com (wakuli),https://www.wakuli.com/,,5,https://wakuli.recruitee.com/api/offers/
Xtorm,xtorm.eu,,,,0,
Yogisha,yogisha.nl,,https://www.yogisha.nl/nl/service/vacatures/,,0,
Zenggi,zenggi.com,,https://zenggi.com/#gbaid6795627,,0,
Circle of Trust,circleoftrust.nl,,,,0,
Difrax,difrax.com,,https://difrax.com/pages/werken-bij-difrax,,0,
Fresh n Rebel,freshnrebel.com,,https://freshnrebel.com/about-us/jobs/,,0,
Komono,komono.com,,,,0,
Kraamcadeau,kraamcadeau.nl,,,,0,
Muchachomalo,muchachomalo.com,,,,0,
10DAYS,10days.nl,,https://www.10dayslifestyle.com/nl-nl/pages/vacatures,,0,
ANNA plus NINA,anna-nina.nl,,,,0,
Blond Amsterdam,blond-amsterdam.com,,,,0,
Fitchef,fitchef.nl,,https://fitchef.nl/over-ons/vacatures,,0,
Flinndal,flinndal.nl,,,,0,
Fromanteel,fromanteel.nl,,https://fromanteel.nl/password,,0,
Grutto,grutto.com,,,,0,
Jane Lushka,janelushka.com,,,,0,
Just Franky,justfranky.com,,,,0,
Malelions,malelions.com,,https://malelions.com/pages/vacatures,,0,
Natural Heroes,naturalheroes.nl,,https://www.naturalheroes.nl/over-ons/vacatures,,0,
Werk aan de Muur,werkaandemuur.nl,,,,0,
Wolky,wolky.com,,,,0,
Wolplein,wolplein.nl,,https://www.wolplein.nl/pages/vacatures,,0,
PersonalSurprise,personalsurprise.nl,,,,0,
Slaapkamerweb,slaapkamerweb.nl,,,,0,
Bamboo Bamboo,bamboobamboo.nl,,,,0,
Beaumont Amsterdam,beaumont.nl,,,,0,
Bedrukken nl,bedrukken.nl,,,,0,
Blackstone Shoes,blackstoneshoes.com,,,,0,
Carnibest,carnibest.nl,,,,0,
Casimoda,casimoda.nl,,,,0,
Confirm Clothing,confirmclothing.com,,,,0,
Dogs Companion,dogscompanion.nl,,,,0,
Eyelove Brillen,eyelovebrillen.nl,,,,0,
Horren Direct,hordeurenwinkel.nl,,http://hordeurenwinkel.nl/over-ons/vacatures,,0,
Loavies,loavies.com,recruitee.com (loavies),https://careers.loavies.com/nl,Customer Care medewerker (Flex) | 2026-08-25,5,https://loavies.recruitee.com/api/offers/
Marlies Dekkers,marliesdekkers.com,recruitee.com (marliesdekkers),https://www.marliesdekkers.com/#erid69421096,Customer Service stagiaire | 2026-08-03,4,https://marliesdekkers.recruitee.com/api/offers/
Power Supplements,powersupplements.nl,,,,0,
Purewhite,purewhite.nl,,https://www.pure-path.com/pages/careers,,0,
Red-Rag,red-rag.nl,,,,0,
Studio Ins en Outs,studioinsenouts.nl,,,,0,
Veneta,veneta.com,,,,0,
Violet Hamden,violethamden.com,,https://www.brandfield.nl/vacatures,,0,
