bedrijf,domein,vertical
Loavies,loavies.com,fashion-dames
Nukus,nukus.nl,fashion-dames
10DAYS,10days.nl,fashion-dames
MAICAZZ,maicazz.nl,fashion-dames
Estseven,estseven.com,fashion-dames
Ivy Beau,ivybeau.com,fashion-dames
Moscow Fashion,moscowfashion.nl,fashion-dames
Off The Pitch,offthepitch.com,fashion-streetwear
Twinlife,twinlife.nl,fashion
Shabbies Amsterdam,shabbiesamsterdam.com,schoenen
Fred de la Bretoniere,freddelabretoniere.com,schoenen
MYOMY do goods,myomydogoods.com,tassen
Buddha to Buddha,buddhatobuddha.com,sieraden
Violet Hamden,violethamden.com,sieraden
Nialaya,nialaya.com,sieraden
Fjory,fjory.nl,sieraden
CLUSE,cluse.com,horloges
Komono,komono.com,horloges-be
Cellcare,cellcare.be,supplementen-be
Walra,walra.nl,home-textiel
Difrax,difrax.com,baby
BoJungle,bojungle.eu,baby-be
Z8,z8.nl,kinderkleding
Quapi Kidswear,quapi.com,kinderkleding
Feetje,feetje.nl,kinderkleding
Dirkje,dirkje.nl,kinderkleding
Carnibest,carnibest.nl,huisdier
Fresh n Rebel,freshnrebel.com,elektronica
Veloretti,veloretti.com,mobiliteit
Charlie Temple,charlietemple.com,brillen
Loavies BE,loavies.be,fashion-dames
Bamboo Bamboo,bamboobamboo.nl,home
Frankie and Liberty,frankieandliberty.com,kinderkleding
Retour Jeans,retourjeans.com,kinderkleding
Raizzed,raizzed.com,kinderkleding
Indian Blue Jeans,indianbluejeans.com,kinderkleding
Blue Rebel,bluerebel.nl,kinderkleding
Tumble N Dry,tumblendry.com,kinderkleding
Moodstreet,moodstreet.nl,kinderkleding
Koko Noko,kokonoko.nl,kinderkleding
Vinrose,vinrose.nl,kinderkleding
Floer,floer.nl,vloeren
Osaka,osakaworld.com,sport-hockey
Born Sportscare,born.eu,sportvoeding
Maxim Sports Nutrition,maximsport.com,sportvoeding
Sylver,sylver.nl,fashion-dames
Tramontana,tramontana.nl,fashion-dames
Esqualo,esqualo.com,fashion-dames
Smashed Lemon,smashedlemon.com,fashion-dames
Poools,poools.nl,fashion-dames
Marlies Dekkers,marliesdekkers.com,lingerie
LingaDore,lingadore.com,lingerie
Van Lier,vanlier.com,schoenen
Develab,develab.com,kinderschoenen
Shoesme,shoesme.nl,kinderschoenen
Bunnies JR,bunniesjr.nl,kinderschoenen
Briljant Baby,briljantbaby.nl,baby
Trixie Baby,trixie-baby.com,baby-be
Springfield Nutraceuticals,springfieldnutra.com,supplementen
Zenzee,zenzee.nl,verlichting
Yehwang,yehwang.com,sieraden
Sencebeauty,sencebeauty.nl,beauty
Veneta,veneta.com,maatwerk-raamdecoratie
Homey,homey.app,smart-home
Matchu Sports,matchusports.com,maatwerk-sport
Trouwringen Circles,circles.nl,sieraden
