bedrijf,website,vertical
Buddha to Buddha,buddhatobuddha.com,sieraden
CLUSE,cluse.com,horloges
Floer,floer.nl,vloeren
Fred de la Bretoniere,freddelabretoniere.com,schoenen
LingaDore,lingadore.com,lingerie
Difrax,difrax.com,baby
Fresh n Rebel,freshnrebel.com,elektronica
Komono,komono.com,horloges-be
10DAYS,10days.nl,fashion-dames
Bamboo Bamboo,bamboobamboo.nl,home
Carnibest,carnibest.nl,huisdier
Loavies,loavies.com,fashion-dames
Marlies Dekkers,marliesdekkers.com,lingerie
Veneta,veneta.com,maatwerk-raamdecoratie
Violet Hamden,violethamden.com,sieraden
