bedrijf,domein,postcode,adres,site_adres,site_postcode,site_plaats,site_bron
10DAYS,10days.nl,1071JJ,Cornelis Schuytstraat 18 H,,,,
ANNA plus NINA,anna-nina.nl,1073XE,Gerard Douplein 17,,,,
Blond Amsterdam,blond-amsterdam.com,1067TG,Bromostraat 24,,,,
Catwalk Junkie,catwalkjunkie.com,1016HM,Prinsengracht 419,Asterweg 73,1031HM,Amsterdam,https://catwalkjunkie.com/pages/algemene-voorwaarden
Fitchef,fitchef.nl,4819BC,Cimburgalaan 2,,,,
Flinndal,flinndal.nl,2031EN,Oerkapkade 5,,,,
Fromanteel,fromanteel.nl,1015BW,Herengracht 142,,,,
Grutto,grutto.com,1391BR,Hoogstraat 23,,,,
Jane Lushka,janelushka.com,6221CR,Hoogbrugstraat 4,,,,
Just Franky,justfranky.com,9742AK,Dierenriemstraat 108 a,,,,
Malelions,malelions.com,5684PJ,de Rijn 8,,,,
Namens Mij,namensmij.nl,8491PE,De Kromme Sâne 4,Biesthoek 1e,5427RG,Boekel,https://www.namensmij.nl/pages/contact
Natural Heroes,naturalheroes.nl,3454PV,Rijnzathe 6,,,,
Pieter Pot,pieter-pot.nl,3043CC,Delftweg 9,Oude Binnenweg 113,3012JB,Rotterdam,https://pieter-pot.nl/policies/terms-of-service
Printenbind,printenbind.nl,1014BB,Kabelweg 44 A,Kabelweg 44A,1014BB,Amsterdam,https://www.printenbind.nl/contact
Sticky Lemon,stickylemon.nl,2583CM,Dr. Lelykade 24,Rouaanstraat 8,9723CD,Groningen,https://www.stickylemon.nl/pages/contact
Wakuli,wakuli.com,6511LG,Ziekerstraat 169,Stationsweg 168,2515BS,Den Haag,https://www.wakuli.com/policies/terms-of-service
Werk aan de Muur,werkaandemuur.nl,2031AZ,Bingerweg 8,,,,
Wolky,wolky.com,3992DC,Voorveste 15-B/C,,,,
Wolplein,wolplein.nl,5301LV,Doornepol 5,,,,
Xtorm,xtorm.eu,3962XW,Londiniumdreef 7,Hoofdveste 19,3992DH,Houten,https://www.xtorm.eu/pages/contact
Bamboo Bamboo,bamboobamboo.nl,1621CW,Kerkstraat 1,,,,
Bedrukken nl,bedrukken.nl,5611ZT,Kennedyplein 201,,,,
Born Sportscare,born.eu,6163HG,Kampstraat 60,,,,
Carnibest,carnibest.nl,3852LH,Eendenparkweg 55 A,Harderwijkerweg 134C,3852AH,Ermelo,https://nutriment.nl/pages/contact
Casimoda,casimoda.nl,5505KR,Monnikenpad 1,,,,
Circle of Trust,circleoftrust.nl,3511DX,Godebaldkwartier 54,,,,
Confirm Clothing,confirmclothing.com,6466NG,Wiebachstraat 9,,,,
Difrax,difrax.com,3723BK,Rembrandtlaan 42,,,,
Eyelove Brillen,eyelovebrillen.nl,5038NJ,Bredaseweg 100,,,,
Feetje,feetje.nl,8111AN,Dorpsplein 3 Unit 3,Laagsteen 15a,4815PH,BREDA,https://www.axit.nl/pages/contact
Fifth House,fifthhouse.nl,2131LV,IJweg 961,,,,
Fresh n Rebel,freshnrebel.com,3045AH,Linatebaan 101,,,,
Horren Direct,hordeurenwinkel.nl,2282JS,Sir Winston Churchilllaan 231 a,,,,
Komono,komono.com,1017NT,Leidsestraat 19,,,,
Kraamcadeau,kraamcadeau.nl,3438CJ,Tamboerijn 10,,,,
Loavies,loavies.com,8024AA,Ceintuurbaan 16,,,,
MAICAZZ,maicazz.nl,7602CZ,Jollesweg 9,,,,
Marlies Dekkers,marliesdekkers.com,6041TD,Stadsweide 2 Unit AO.56,Schelmaatstraat 9,7575BC,Oldenzaal,https://www.marliesdekkers.com/pages/contact
Muchachomalo,muchachomalo.com,1948RD,Gooiland 46 A,,,,
Power Supplements,powersupplements.nl,1111PP,Overdiemerweg 35,Fahrenheitstraat 7,6662PZ,Elst Gld,https://www.powersupplements.nl/contact
Purewhite,purewhite.nl,4703TB,Rosada 42,,,,
Quapi Kidswear,quapi.com,7411HJ,Korte Bisschopstraat 37,,,,
Studio Ins en Outs,studioinsenouts.nl,2288EX,Frijdastraat 17,,,,
Veneta,veneta.com,8042PG,Loggerweg 2,,,,
Violet Hamden,violethamden.com,5481HD,Jan van Amstelstraat 24,Osloweg 105,9723BK,Groningen,https://www.brandfield.nl/pages/contact
Z8,z8.nl,8914BH,Foeke Sjoerdswei 1,,,,
