bedrijf,domein
10DAYS,10days.nl
Bamboo Bamboo,
Bedrukken nl,bedrukken.nl
Born Sportscare,born.eu
Carnibest,carnibest.nl
Casimoda,casimoda.nl
Circle of Trust,circleoftrust.nl
Confirm Clothing,confirmclothing.com
Dirkje,dirkje.nl
Eyelove Brillen,eyelovebrillen.nl
Feetje,feetje.nl
Fromanteel,fromanteel.nl
Horren Direct,hordeurenwinkel.nl
Kraamcadeau,kraamcadeau.nl
Loavies BE,
MAICAZZ,maicazz.nl
PersonalSurprise,personalsurprise.nl
Power Supplements,powersupplements.nl
Purewhite,purewhite.nl
Quapi Kidswear,quapi.com
Slaapkamerweb,slaapkamerweb.nl
Studio Ins en Outs,studioinsenouts.nl
Violet Hamden,violethamden.com
Yogisha,yogisha.nl
