bedrijf,domein,naam,rol,alternatieven
10DAYS,10days.nl,,,
Bamboo Bamboo,,Jeroen Spanjer,Eigenaar,Sven Oostdam (Eigenaar) | Twan Korthorst (Ceo) | Tymen Kuperus (Eigenaar)
Bedrukken nl,bedrukken.nl,Inge De Reus,Inkoop Planning Marketing,
Born Sportscare,born.eu,,,
Carnibest,carnibest.nl,,,
Casimoda,casimoda.nl,,,
Circle of Trust,circleoftrust.nl,Danny De Winter,Co-founder,Danae Kamp (Label manager bij) | Michella Houweling (Backoffice-manager)
Confirm Clothing,confirmclothing.com,,,
Dirkje,dirkje.nl,,,
Eyelove Brillen,eyelovebrillen.nl,Peter Van Daele,Eigenaar,Reint Kampijon (Regio Manager)
Feetje,feetje.nl,,,
Fromanteel,fromanteel.nl,,,
Horren Direct,hordeurenwinkel.nl,,,
Kraamcadeau,kraamcadeau.nl,,,
MAICAZZ,maicazz.nl,,,
PersonalSurprise,personalsurprise.nl,Lindy Geurts,Co-owner,
Power Supplements,powersupplements.nl,,,
Purewhite,purewhite.nl,,,
Quapi Kidswear,quapi.com,,,
Slaapkamerweb,slaapkamerweb.nl,Niek Demmers,Algemeen Directeur,
Studio Ins en Outs,studioinsenouts.nl,,,
Violet Hamden,violethamden.com,,,
Yogisha,yogisha.nl,,,
