bedrijf,slug,plaats,branche,pad,categorie,adres,postcode,telefoon,beslisser,hardheid,url
Bouwbedrijf Koerkamp Twello B.V.,bouwbedrijf-koerkamp-twello,Twello,bouw,portaal,geen site,Koppelstraat 35,7391AK,0571-270049,Hans Groot Koerkamp,hard,intro-pique.agency/onlinegeduld/bouwbedrijf-koerkamp-twello
Bouwbedrijf E.J. Veldhuis,bouwbedrijf-veldhuis,Epe,bouw,weg,site uit de lucht,Tongerenseweg 38,8162PN,0578-612287,Evert Veldhuis,hard,intro-pique.agency/onlinegeduld/bouwbedrijf-veldhuis
G & Y Renovatie & Onderhoud B.V.,renovatie-onderhoud,Apeldoorn,bouw,gids,geen site,Gladsaxe 21,7327JZ,055-3123381,Maart Hendrikse,hard,intro-pique.agency/onlinegeduld/renovatie-onderhoud
Industrieel Onderhoud Epe B.V.,industrieel-onderhoud-epe,Epe,bouw,gids,geen site,Paasvuurweg 14,8161CA,0578-627353,Peter van Poelgeest,hard,intro-pique.agency/onlinegeduld/industrieel-onderhoud-epe
Henri Vos Keukens en Montage V.O.F.,henri-vos-keukens-en-montage,Heerde,bouw,gids,geen site,Veldweg 6-b 2,8181LR,0578-697089,Henri Vos,hard,intro-pique.agency/onlinegeduld/henri-vos-keukens-en-montage
V.O.F. Schilders- en Schoonmaakbedrijf A. van Beek,schilders-en-schoonmaakbedrijf,Apeldoorn,afbouw,gids,geen site,Hoornbloem 1,7322AN,0577-462790,Albert van Beek,hard,intro-pique.agency/onlinegeduld/schilders-en-schoonmaakbedrijf
Schouten en Visschers Metaalwarenfabriek B.V.,schouten-en-visschers,Epe,metaal,gids,geen site,Stationsstraat 48-- 50,8161CS,0578-612255,Lubbertus Mulder,hard,intro-pique.agency/onlinegeduld/schouten-en-visschers
Van Gurp Installatiebedrijf B.V.,installatiebedrijf-van-gurp,Wijhe,installatie,gids,geen site,Boerhaar 9-a,8131ST,0570-523661,Marcel van Gurp,hard,intro-pique.agency/onlinegeduld/installatiebedrijf-van-gurp
Installatiebedrijf Schiphorst & Zn,installatiebedrijf-schiphorst,Wenum Wiesel,installatie,weg,site uit de lucht,Kathage 22-a,7345DN,055-5413327,Jakob Schiphorst,hard,intro-pique.agency/onlinegeduld/installatiebedrijf-schiphorst
Hendriks Grondverzet,hendriks-grondverzet,Beemte Broekland,grond,weg,site uit de lucht,Kanaal Noord 420,7341PA,055-5217975,René Hendriks,hard,intro-pique.agency/onlinegeduld/hendriks-grondverzet
I.T.T. Installatietechniek Twello,installatietechniek-twello,Twello,installatie,gids,geen site,Holthuizerstraat 10,7391JT,0571-275802,Bas Bevers,hard,intro-pique.agency/onlinegeduld/installatietechniek-twello
Bovendorp installatietechniek,bovendorp-installatietechniek,Epe,installatie,gids,geen site,Bongerdplein 17,8162AX,06-29322193,Sophia Bovendorp - de Ruiter,hard,intro-pique.agency/onlinegeduld/bovendorp-installatietechniek
Schildersbedrijf Nijhof & Zn,schildersbedrijf-nijhof,Twello,afbouw,gids,geen site,Raccordement 79,7391BX,0571-274550,Berend Nijhof,hard,intro-pique.agency/onlinegeduld/schildersbedrijf-nijhof
Handelsonderneming Hamer B.V.,handelsonderneming-hamer,Brummen,installatie,weg,site uit de lucht,Saturnusweg 7,6971GX,0575-564012,Gerardus Hamer,hard,intro-pique.agency/onlinegeduld/handelsonderneming-hamer
Mobicruiser B.V.,mobicruiser,Emst,metaal,weg,site uit de lucht,Hoofdweg 13,8166AC,0578-661998,Maurits Stokhof,hard,intro-pique.agency/onlinegeduld/mobicruiser
Klussenbedrijf Gert Kok V.O.F.,klussenbedrijf-gert-kok,Lieren,grond,weg,site uit de lucht,Achterste Kerkweg 89,7364BV,055-5064609,Gerrit Kok,hard,intro-pique.agency/onlinegeduld/klussenbedrijf-gert-kok
J.E. van Tongeren jr. B.V.,van-tongeren,Apeldoorn,installatie,gids,geen site,Asselsestraat 251,7312CT,055-3553782,Evert van Tongeren,hard,intro-pique.agency/onlinegeduld/van-tongeren
Mentink B.V.,mentink,Vaassen,installatie,gids,geen site,Aalbosweg 15,8171MA,0578-571219,Elizabeth Mentink - Veenhuis,hard,intro-pique.agency/onlinegeduld/mentink
G.J. van Gurp B.V.,van-gurp,Wijhe,installatie,gids,geen site,Boerhaar 9,8131ST,0570-521286,Gerhardus van Gurp,hard,intro-pique.agency/onlinegeduld/van-gurp
Bon Dia B.V.,bon-dia,Zutphen,elektro,gids,geen site,Industrieweg 99-a,7202CA,0575-545351,Bart Molkenboer,hard,intro-pique.agency/onlinegeduld/bon-dia
Ovis B.V.,ovis,Apeldoorn,afbouw,gids,geen site,Oranjelaan 9,7316AL,06-16376232,Hans Schaap,hard,intro-pique.agency/onlinegeduld/ovis
Terranova B.V.,terranova,Brummen,bouw,gids,geen site,Narcisstraat 27,6971AW,026-3253923,Nazzareno Mediati,hard,intro-pique.agency/onlinegeduld/terranova
AJ Multi Task B.V.,aj-multi-task,Eerbeek,bouw,gids,geen site,Coldenhovenseweg 69,6961EB,06-15370866,Agnieszka Kostyra,hard,intro-pique.agency/onlinegeduld/aj-multi-task
"Bart Dijkhof Glas-, Schilder- en Spuitwerken B.V.",bart-dijkhof-glas-schilder-en,Eerbeek,afbouw,gids,geen site,Soerense Zand Noord 29,6961RB,0313-651222,Ronald Dijkhof,hard,intro-pique.agency/onlinegeduld/bart-dijkhof-glas-schilder-en
Van Oldeniel Beheer B.V.,van-oldeniel,Deventer,installatie,gids,geen site,Menstraat 24,7411EZ,0570-613001,Franciscus van Oldeniel,hard,intro-pique.agency/onlinegeduld/van-oldeniel
KGC Trading B.V.,kgc-trading,Apeldoorn,installatie,gids,geen site,Koperweg 35,7335DS,06-81306666,Amir Kalanaki,hard,intro-pique.agency/onlinegeduld/kgc-trading
Belimo Servomotoren B.V.,belimo-servomotoren,Vaassen,installatie,gids,geen site,Riezebosweg 5,8171MG,0578-576836,Richard Daamen,hard,intro-pique.agency/onlinegeduld/belimo-servomotoren
Trip B.V.,trip,Olst,installatie,gids,geen site,Wijheseweg 10,8121SC,0570-525274,Felice de Lorme - Munnik,hard,intro-pique.agency/onlinegeduld/trip
De Beer Professioneel B.V.,de-beer-professioneel,Zutphen,installatie,gids,geen site,Pollaan 58,7202BX,0575-590700,Gerrit Reerink,hard,intro-pique.agency/onlinegeduld/de-beer-professioneel
Beekman Beleggingsmaatschappij B.V.,beekman-beleggingsmaatschappij,Apeldoorn,installatie,gids,geen site,Weegschaalstraat 15,7324BE,055-5381100,Jozef Beekman,hard,intro-pique.agency/onlinegeduld/beekman-beleggingsmaatschappij
Elijzen Metaalconstructie- en Installatietechniek B.V.,elijzen-metaalconstructie-en,Klarenbeek,bouw,mobiel,site werkt maar lekt,Broekstraat 31,7382AC,055-3011149,Yvonne Elijzen-Dolman,hard,intro-pique.agency/onlinegeduld/elijzen-metaalconstructie-en
Elektrotechnisch Installatiebedrijf Kool B.V.,elektrotechnisch-kool,Ugchelen,installatie,vak,site werkt maar lekt,Jan van Houtumlaan 6-A,7339BB,055-5331960,Christiaan Kool,hard,intro-pique.agency/onlinegeduld/elektrotechnisch-kool
Van Amerongen Onderhoud & Dienstverlening,van-amerongen-onderhoud,Zutphen,installatie,mobiel,site werkt maar lekt,Stuurmanstraat 24,7203DC,06-83532289,Irina van Amerongen,hard,intro-pique.agency/onlinegeduld/van-amerongen-onderhoud
Ps Projectschilders B.V.,ps-projectschilders,Vaassen,afbouw,mobiel,site werkt maar lekt,Radeweg 19,8171MD,0578-571473,Davy van Santen,hard,intro-pique.agency/onlinegeduld/ps-projectschilders
Industrial Airtreatment Appliances B.V.,industrial-airtreatment,Apeldoorn,installatie,mobiel,site werkt maar lekt,Fortunalaan 100,7321GN,055-3603239,Remco Muys,hard,intro-pique.agency/onlinegeduld/industrial-airtreatment
Klunder Klussenbedrijf V.O.F.,klunder-klussenbedrijf,Twello,bouw,mobiel,site werkt maar lekt,Molendwarsstraat 46,7391ZS,0571-274630,Jeroen Klunder,hard,intro-pique.agency/onlinegeduld/klunder-klussenbedrijf
Magazijninrichting en Constructie Macon B.V.,magazijninrichting-en,Zutphen,afbouw,lek,site werkt maar lekt,Holtmede 17-g,7207BX,0315-239501,Leonardus Waamelink,hard,intro-pique.agency/onlinegeduld/magazijninrichting-en
M. de Vries B.V.,de-vries,Epe,bouw,vak,site werkt maar lekt,Tongerenseweg 19,8162PL,0578-613393,Martinus de Vries,hard,intro-pique.agency/onlinegeduld/de-vries
Installatiebureau Woudhuizen B.V.,installatiebureau-woudhuizen,Wenum Wiesel,elektro,vak,site werkt maar lekt,Elburgerweg 60,7345EE,055-3121760,Mathieu Boeve,hard,intro-pique.agency/onlinegeduld/installatiebureau-woudhuizen
Stukadoorsbedrijf De Graaf V.O.F.,stukadoorsbedrijf-de-graaf,Apeldoorn,afbouw,lek,site werkt maar lekt,Generaal Van der Heydenlaan 18,7316BC,055-5213733,Martijn de Graaf,hard,intro-pique.agency/onlinegeduld/stukadoorsbedrijf-de-graaf
Noorman Bouw- en milieu-advies,noorman-bouw-en-milieu-advies,Apeldoorn,bouw,vak,site werkt maar lekt,Laan van Westenenk 162,7336AV,050-5250992,Robertus Hendriks,hard,intro-pique.agency/onlinegeduld/noorman-bouw-en-milieu-advies
Hoveniersbedrijf Claassen,hoveniersbedrijf-claassen,Eerbeek,grond,lek,site werkt maar lekt,Heerweg 2,6961KD,0313-655237,Aafke Claassen - Katerberg,hard,intro-pique.agency/onlinegeduld/hoveniersbedrijf-claassen
Fluit Verreiker Verhuur B.V.,fluit-verreiker-verhuur,Apeldoorn,bouw,lek,site werkt maar lekt,Sint-Eustatius 30,7333NX,055-5339228,Johan Fluit,hard,intro-pique.agency/onlinegeduld/fluit-verreiker-verhuur
V.O.F. Rietdekkersbedrijf Scholten,rietdekkersbedrijf-scholten,Vaassen,bouw,lek,site werkt maar lekt,Hommelbrinkstede 89,8171JD,06-38637039,Gerrit Scholten,hard,intro-pique.agency/onlinegeduld/rietdekkersbedrijf-scholten
Ribbink Techniek B.V.,ribbink-techniek,Apeldoorn,elektro,lek,site werkt maar lekt,Zwaardvegersveld 4,7327HN,055-8440501,Arno Ribbink,hard,intro-pique.agency/onlinegeduld/ribbink-techniek
K&N Betonwerken B.V.,betonwerken,Zutphen,bouw,mobiel,site werkt maar lekt,Oostzeestraat 14-A,7202CM,0575-518182,Lodewijk Keijzer,hard,intro-pique.agency/onlinegeduld/betonwerken
Drabor Terwolde B.V.,drabor-terwolde,Terwolde,metaal,lek,site werkt maar lekt,Bandijk 56,7396NC,0571-291687,Onno van Bortel,hard,intro-pique.agency/onlinegeduld/drabor-terwolde
Bunte Grondwerken B.V.,bunte-grondwerken,Oene,grond,mobiel,site werkt maar lekt,Deventerweg 9,8167NA,0578-641100,Harmen Bunte,hard,intro-pique.agency/onlinegeduld/bunte-grondwerken
Metaalwarenfabriek GMI Epe B.V.,metaalwarenfabriek-gmi-epe,Epe,metaal,lek,site werkt maar lekt,Kweekweg 26,8161PG,0578-612617,André van Rijssen,hard,intro-pique.agency/onlinegeduld/metaalwarenfabriek-gmi-epe
Schildersbedrijf Harry Modderkolk,harry-modderkolk,Loenen,afbouw,lek,site werkt maar lekt,Boterweg 2,7371GK,055-5052519,Dionisia Modderkolk - van den Elshout,hard,intro-pique.agency/onlinegeduld/harry-modderkolk
